Mono path[0] = 'Z:/home/kelian/Desktop/Games/Hollow Knight/hollow_knight_Data/Managed'
Mono config path = 'Z:/home/kelian/Desktop/Games/Hollow Knight/MonoBleedingEdge/etc'
Initialize engine version: 2020.2.2f1 (068178b99f32)
[Subsystems] Discovering subsystems at path Z:/home/kelian/Desktop/Games/Hollow Knight/hollow_knight_Data/UnitySubsystems
GfxDevice: creating device client; threaded=1
Direct3D:
    Version:  Direct3D 11.0 [level 11.1]
    Renderer: Intel(R) HD Graphics 620 (KBL GT2) (ID=0x5916)
    Vendor:   
    VRAM:     5874 MB
    Driver:   31.0.21902.5
Begin MonoManager ReloadAssembly
- Completed reload, in  0.699 seconds
OnLevelWasLoaded was found on GameMap
This message has been deprecated and will be removed in a later version of Unity.
Add a delegate to SceneManager.sceneLoaded instead to get notifications after scene loading has completed

OnLevelWasLoaded was found on PlayMakerUnity2d
This message has been deprecated and will be removed in a later version of Unity.
Add a delegate to SceneManager.sceneLoaded instead to get notifications after scene loading has completed

D3D11 device created for Microsoft Media Foundation video decoding.
<RI> Initializing input.
<RI> Input initialized.
<RI> Initialized touch support.
UnloadTime: 1.743400 ms
Graphics tier changed to High

Steam initializing

Steam logged in as Player

Selected online subsystem SteamOnlineSubsystem

Discovered supported languages: DE, EN, ES, FR, IT, JA, KO, PT, RU, ZH

Unloading 5 Unused Serialized files (Serialized files now loaded: 0)
Loaded saved language code 'FR'

Restored language code 'FR'


Unloading 47 unused Assets to reduce memory usage. Loaded Objects now: 3814.
Total: 5.113800 ms (FindLiveObjects: 0.355800 ms CreateObjectMapping: 0.487900 ms MarkObjects: 4.195200 ms  DeleteObjects: 0.073400 ms)

Steam stats received.

Unloading 5 Unused Serialized files (Serialized files now loaded: 0)
Didn't need to wait for PlayerPrefs load.

UnloadTime: 12.420100 ms
DontDestroyOnLoad only works for root GameObjects or components on root GameObjects.

Performing automatic level start.

Failed to retrieve achievement state for ENDING_C

Failed to retrieve achievement state for STEELSOUL

Game controller set to None.

Controller Type: Unknown

Unable to match controller of name (None), will attempt default mapping set.

Active Gamepad Type: XBOX_360

Game controller set to None.

Failed to retrieve achievement state for BLESSED

Failed to retrieve achievement state for DREAM_SOUL_MASTER_DEFEAT

Failed to retrieve achievement state for MANTIS_LORDS

Failed to retrieve achievement state for NEGLECT

Failed to retrieve achievement state for ASCENSION

Failed to retrieve achievement state for METAMORPHOSIS

Failed to retrieve achievement state for NAILSMITH_SPARE

Failed to retrieve achievement state for QUIRREL_EPILOGUE

Failed to retrieve achievement state for COLOSSEUM_3

Failed to retrieve achievement state for ENDING_C

Failed to retrieve achievement state for SPEEDRUN_1

Failed to retrieve achievement state for SPEEDRUN_2

Failed to retrieve achievement state for COMPLETION

Failed to retrieve achievement state for SPEED_COMPLETION

Failed to retrieve achievement state for STEELSOUL

Failed to retrieve achievement state for STEELSOUL_COMPLETION

Failed to retrieve achievement state for HUNTER_1

Failed to retrieve achievement state for HUNTER_2

Failed to retrieve achievement state for MR_MUSHROOM

Failed to retrieve achievement state for GREY_PRINCE

Failed to retrieve achievement state for GRIMM

Failed to retrieve achievement state for NIGHTMARE_GRIMM

Failed to retrieve achievement state for BANISHMENT

Failed to retrieve achievement state for PANTHEON1

Failed to retrieve achievement state for PANTHEON2

Failed to retrieve achievement state for PANTHEON3

Failed to retrieve achievement state for PANTHEON4

Failed to retrieve achievement state for ENDINGD

Failed to retrieve achievement state for COMPLETIONGG

pd.maxHealth: 9 pd.maxHealthBase: 9


Unloading 66 unused Assets to reduce memory usage. Loaded Objects now: 46115.
Total: 205.522100 ms (FindLiveObjects: 4.578200 ms CreateObjectMapping: 3.269100 ms MarkObjects: 197.497200 ms  DeleteObjects: 0.176000 ms)

Making UI menu lean.

AddEventHandlerComponent: PlayMakerFixedUpdate

AddEventHandlerComponent: PlayMakerFixedUpdate

AddEventHandlerComponent: PlayMakerFixedUpdate

AddEventHandlerComponent: PlayMakerFixedUpdate

AddEventHandlerComponent: PlayMakerFixedUpdate

AddEventHandlerComponent: PlayMakerFixedUpdate

AddEventHandlerComponent: PlayMakerFixedUpdate

AddEventHandlerComponent: PlayMakerFixedUpdate

AddEventHandlerComponent: PlayMakerFixedUpdate

AddEventHandlerComponent: PlayMakerFixedUpdate

AddEventHandlerComponent: PlayMakerFixedUpdate

Deferring level start (marked as manual).

Unloading 15 Unused Serialized files (Serialized files now loaded: 0)
AddEventHandlerComponent: PlayMakerFixedUpdate


Unloading 180 unused Assets to reduce memory usage. Loaded Objects now: 49469.
Total: 497.927800 ms (FindLiveObjects: 6.350100 ms CreateObjectMapping: 3.617100 ms MarkObjects: 485.968500 ms  DeleteObjects: 1.990400 ms)

PlayOneShot was called with a null AudioClip.

Object Pool attached to GlobalPool has run out of Strike Nail R prefabs, Instantiating an additional one.

Object Pool attached to GlobalPool has run out of Slash Impact R prefabs, Instantiating an additional one.

AddEventHandlerComponent: PlayMakerFixedUpdate

AddEventHandlerComponent: PlayMakerFixedUpdate

AddEventHandlerComponent: PlayMakerFixedUpdate

AddEventHandlerComponent: PlayMakerFixedUpdate

AddEventHandlerComponent: PlayMakerFixedUpdate

AddEventHandlerComponent: PlayMakerFixedUpdate

AddEventHandlerComponent: PlayMakerFixedUpdate

AddEventHandlerComponent: PlayMakerFixedUpdate

AddEventHandlerComponent: PlayMakerFixedUpdate

AddEventHandlerComponent: PlayMakerFixedUpdate

AddEventHandlerComponent: PlayMakerFixedUpdate

Deferring level start (marked as manual).

AddEventHandlerComponent: PlayMakerFixedUpdate

Object Pool attached to GlobalPool has run out of Run Effects prefabs, Instantiating an additional one.

AddEventHandlerComponent: PlayMakerFixedUpdate

AddEventHandlerComponent: PlayMakerFixedUpdate

Object Pool attached to GlobalPool has run out of Run Effects prefabs, Instantiating an additional one.

AddEventHandlerComponent: PlayMakerFixedUpdate

AddEventHandlerComponent: PlayMakerFixedUpdate

Could not find FSM: health_manager_enemy

Object Pool attached to GlobalPool has run out of Run Effects prefabs, Instantiating an additional one.

Object Pool attached to GlobalPool has run out of Run Effects prefabs, Instantiating an additional one.

AddEventHandlerComponent: PlayMakerFixedUpdate

AddEventHandlerComponent: PlayMakerFixedUpdate

Object Pool attached to GlobalPool has run out of particle_orange blood prefabs, Instantiating an additional one.

Object Pool attached to GlobalPool has run out of particle_orange blood prefabs, Instantiating an additional one.

Object Pool attached to GlobalPool has run out of particle_orange blood prefabs, Instantiating an additional one.

Object Pool attached to GlobalPool has run out of particle_orange blood prefabs, Instantiating an additional one.

Object Pool attached to GlobalPool has run out of particle_orange blood prefabs, Instantiating an additional one.

Object Pool attached to GlobalPool has run out of particle_orange blood prefabs, Instantiating an additional one.

Object Pool attached to GlobalPool has run out of particle_orange blood prefabs, Instantiating an additional one.

Object Pool attached to GlobalPool has run out of particle_orange blood prefabs, Instantiating an additional one.

Object Pool attached to GlobalPool has run out of particle_orange blood prefabs, Instantiating an additional one.

Object Pool attached to GlobalPool has run out of particle_orange blood prefabs, Instantiating an additional one.

Object Pool attached to GlobalPool has run out of particle_orange blood prefabs, Instantiating an additional one.

Object Pool attached to GlobalPool has run out of particle_orange blood prefabs, Instantiating an additional one.

Object Pool attached to GlobalPool has run out of particle_orange blood prefabs, Instantiating an additional one.

Object Pool attached to GlobalPool has run out of particle_orange blood prefabs, Instantiating an additional one.

Object Pool attached to GlobalPool has run out of particle_orange blood prefabs, Instantiating an additional one.

Object Pool attached to GlobalPool has run out of particle_orange blood prefabs, Instantiating an additional one.

Object Pool attached to GlobalPool has run out of particle_orange blood prefabs, Instantiating an additional one.

Object Pool attached to GlobalPool has run out of particle_orange blood prefabs, Instantiating an additional one.

Object Pool attached to GlobalPool has run out of particle_orange blood prefabs, Instantiating an additional one.

Object Pool attached to GlobalPool has run out of particle_orange blood prefabs, Instantiating an additional one.

Object Pool attached to GlobalPool has run out of particle_orange blood prefabs, Instantiating an additional one.

Object Pool attached to GlobalPool has run out of particle_orange blood prefabs, Instantiating an additional one.

Object Pool attached to GlobalPool has run out of particle_orange blood prefabs, Instantiating an additional one.

Object Pool attached to GlobalPool has run out of particle_orange blood prefabs, Instantiating an additional one.

Object Pool attached to GlobalPool has run out of particle_orange blood prefabs, Instantiating an additional one.

Object Pool attached to GlobalPool has run out of particle_orange blood prefabs, Instantiating an additional one.

Object Pool attached to GlobalPool has run out of particle_orange blood prefabs, Instantiating an additional one.

Object Pool attached to GlobalPool has run out of particle_orange blood prefabs, Instantiating an additional one.

Object Pool attached to GlobalPool has run out of particle_orange blood prefabs, Instantiating an additional one.

Object Pool attached to GlobalPool has run out of particle_orange blood prefabs, Instantiating an additional one.

Object Pool attached to GlobalPool has run out of particle_orange blood prefabs, Instantiating an additional one.

Object Pool attached to GlobalPool has run out of particle_orange blood prefabs, Instantiating an additional one.

Object Pool attached to GlobalPool has run out of particle_orange blood prefabs, Instantiating an additional one.

Object Pool attached to GlobalPool has run out of particle_orange blood prefabs, Instantiating an additional one.

Object Pool attached to GlobalPool has run out of HK Plume prefabs, Instantiating an additional one.

Object Pool attached to GlobalPool has run out of HK Plume prefabs, Instantiating an additional one.

Object Pool attached to GlobalPool has run out of HK Plume prefabs, Instantiating an additional one.

Object Pool attached to GlobalPool has run out of HK Plume prefabs, Instantiating an additional one.

Object Pool attached to GlobalPool has run out of HK Plume prefabs, Instantiating an additional one.

PlayOneShot was called with a null AudioClip.

Object Pool attached to GlobalPool has run out of Shot HK Spurt prefabs, Instantiating an additional one.

Object Pool attached to GlobalPool has run out of Shot HK Spurt prefabs, Instantiating an additional one.

Object Pool attached to GlobalPool has run out of Shot HK Spurt prefabs, Instantiating an additional one.

Object Pool attached to GlobalPool has run out of Shot HK Spurt prefabs, Instantiating an additional one.

Object Pool attached to GlobalPool has run out of Shot HK Spurt prefabs, Instantiating an additional one.

Object Pool attached to GlobalPool has run out of Shot HK Spurt prefabs, Instantiating an additional one.

Object Pool attached to GlobalPool has run out of Shot HK Spurt prefabs, Instantiating an additional one.

Object Pool attached to GlobalPool has run out of Shot HK Spurt prefabs, Instantiating an additional one.

Object Pool attached to GlobalPool has run out of Shot HK Spurt prefabs, Instantiating an additional one.

Object Pool attached to GlobalPool has run out of Shot HK Spurt prefabs, Instantiating an additional one.

Object Pool attached to GlobalPool has run out of Shot HK Spurt prefabs, Instantiating an additional one.

Object Pool attached to GlobalPool has run out of Shot HK Spurt prefabs, Instantiating an additional one.

Object Pool attached to GlobalPool has run out of Shot HK Spurt prefabs, Instantiating an additional one.

Object Pool attached to GlobalPool has run out of Shot HK Spurt prefabs, Instantiating an additional one.

Object Pool attached to GlobalPool has run out of Shot HK Spurt prefabs, Instantiating an additional one.

Object Pool attached to GlobalPool has run out of Shot HK Spurt prefabs, Instantiating an additional one.

Object Pool attached to GlobalPool has run out of Shot HK Spurt prefabs, Instantiating an additional one.

Object Pool attached to GlobalPool has run out of Shot HK Spurt prefabs, Instantiating an additional one.

AddEventHandlerComponent: PlayMakerFixedUpdate

Couldn't find current scene object!

Object Pool attached to GlobalPool could not find a copy of Audio Player NoDestroy, Instantiating a new one.

AddEventHandlerComponent: PlayMakerCollisionEnter2D

AddEventHandlerComponent: PlayMakerFixedUpdate

AddEventHandlerComponent: PlayMakerCollisionEnter2D

AddEventHandlerComponent: PlayMakerFixedUpdate

AddEventHandlerComponent: PlayMakerFixedUpdate

AddEventHandlerComponent: PlayMakerFixedUpdate

Deferring level start (marked as manual).

Unloading 36 Unused Serialized files (Serialized files now loaded: 0)
AddEventHandlerComponent: PlayMakerFixedUpdate


Unloading 328 unused Assets to reduce memory usage. Loaded Objects now: 58020.
Total: 300.844200 ms (FindLiveObjects: 11.838700 ms CreateObjectMapping: 5.777300 ms MarkObjects: 280.174900 ms  DeleteObjects: 3.050500 ms)

PlayOneShot was called with a null AudioClip.

AddEventHandlerComponent: PlayMakerFixedUpdate

AddEventHandlerComponent: PlayMakerFixedUpdate

AddEventHandlerComponent: PlayMakerFixedUpdate

AddEventHandlerComponent: PlayMakerFixedUpdate

AddEventHandlerComponent: PlayMakerFixedUpdate

AddEventHandlerComponent: PlayMakerFixedUpdate

AddEventHandlerComponent: PlayMakerFixedUpdate

AddEventHandlerComponent: PlayMakerFixedUpdate

AddEventHandlerComponent: PlayMakerFixedUpdate

AddEventHandlerComponent: PlayMakerFixedUpdate

AddEventHandlerComponent: PlayMakerFixedUpdate

AddEventHandlerComponent: PlayMakerFixedUpdate

AddEventHandlerComponent: PlayMakerFixedUpdate

AddEventHandlerComponent: PlayMakerFixedUpdate

AddEventHandlerComponent: PlayMakerFixedUpdate

AddEventHandlerComponent: PlayMakerFixedUpdate

AddEventHandlerComponent: PlayMakerFixedUpdate

Deferring level start (marked as manual).

AddEventHandlerComponent: PlayMakerFixedUpdate

Could not find FSM: health_manager_enemy

Object Pool attached to GlobalPool has run out of particle_orange blood prefabs, Instantiating an additional one.

Object Pool attached to GlobalPool has run out of particle_orange blood prefabs, Instantiating an additional one.

Object Pool attached to GlobalPool has run out of particle_orange blood prefabs, Instantiating an additional one.

Object Pool attached to GlobalPool has run out of particle_orange blood prefabs, Instantiating an additional one.

Object Pool attached to GlobalPool has run out of particle_orange blood prefabs, Instantiating an additional one.

Object Pool attached to GlobalPool has run out of particle_orange blood prefabs, Instantiating an additional one.

Object Pool attached to GlobalPool has run out of particle_orange blood prefabs, Instantiating an additional one.

Object Pool attached to GlobalPool has run out of particle_orange blood prefabs, Instantiating an additional one.

Object Pool attached to GlobalPool has run out of particle_orange blood prefabs, Instantiating an additional one.

Object Pool attached to GlobalPool has run out of particle_orange blood prefabs, Instantiating an additional one.

Object Pool attached to GlobalPool has run out of particle_orange blood prefabs, Instantiating an additional one.

Object Pool attached to GlobalPool has run out of particle_orange blood prefabs, Instantiating an additional one.

Object Pool attached to GlobalPool has run out of HK Plume prefabs, Instantiating an additional one.

Object Pool attached to GlobalPool has run out of HK Plume prefabs, Instantiating an additional one.

Object Pool attached to GlobalPool has run out of HK Plume prefabs, Instantiating an additional one.

Object Pool attached to GlobalPool has run out of HK Plume prefabs, Instantiating an additional one.

Object Pool attached to GlobalPool has run out of HK Plume prefabs, Instantiating an additional one.

Object Pool attached to GlobalPool has run out of HK Plume prefabs, Instantiating an additional one.

Object Pool attached to GlobalPool has run out of HK Plume prefabs, Instantiating an additional one.

Object Pool attached to GlobalPool has run out of HK Plume prefabs, Instantiating an additional one.

Object Pool attached to GlobalPool has run out of HK Plume prefabs, Instantiating an additional one.

Object Pool attached to GlobalPool has run out of HK Plume prefabs, Instantiating an additional one.

Object Pool attached to GlobalPool has run out of HK Plume prefabs, Instantiating an additional one.

Object Pool attached to GlobalPool has run out of HK Plume prefabs, Instantiating an additional one.

Object Pool attached to GlobalPool has run out of HK Plume prefabs, Instantiating an additional one.

Object Pool attached to GlobalPool has run out of HK Plume prefabs, Instantiating an additional one.

Object Pool attached to GlobalPool has run out of HK Plume prefabs, Instantiating an additional one.

Object Pool attached to GlobalPool has run out of HK Plume prefabs, Instantiating an additional one.

Object Pool attached to GlobalPool has run out of HK Plume prefabs, Instantiating an additional one.

Object Pool attached to GlobalPool has run out of HK Plume prefabs, Instantiating an additional one.

Object Pool attached to GlobalPool has run out of HK Plume prefabs, Instantiating an additional one.

Object Pool attached to GlobalPool has run out of HK Plume prefabs, Instantiating an additional one.

PlayOneShot was called with a null AudioClip.

PlayOneShot was called with a null AudioClip.

Deferring level start (marked as manual).

PlayOneShot was called with a null AudioClip.

Object Pool attached to GlobalPool has run out of Audio Player Actor 2D prefabs, Instantiating an additional one.

Object Pool attached to GlobalPool has run out of Audio Player Actor 2D prefabs, Instantiating an additional one.

AddEventHandlerComponent: PlayMakerFixedUpdate

AddEventHandlerComponent: PlayMakerFixedUpdate

Object Pool attached to GlobalPool has run out of Ghost Hit Pt prefabs, Instantiating an additional one.

Object Pool attached to GlobalPool has run out of Ghost Hit Pt prefabs, Instantiating an additional one.

Object Pool attached to GlobalPool has run out of Ghost Hit Pt prefabs, Instantiating an additional one.

Object Pool attached to GlobalPool has run out of Slash Effect Ghost1 prefabs, Instantiating an additional one.

Object Pool attached to GlobalPool has run out of Slash Effect Ghost1 prefabs, Instantiating an additional one.

AddEventHandlerComponent: PlayMakerFixedUpdate

AddEventHandlerComponent: PlayMakerFixedUpdate

AddEventHandlerComponent: PlayMakerFixedUpdate

AddEventHandlerComponent: PlayMakerFixedUpdate

AddEventHandlerComponent: PlayMakerFixedUpdate

AddEventHandlerComponent: PlayMakerFixedUpdate

AddEventHandlerComponent: PlayMakerFixedUpdate

AddEventHandlerComponent: PlayMakerFixedUpdate

AddEventHandlerComponent: PlayMakerFixedUpdate

AddEventHandlerComponent: PlayMakerFixedUpdate

AddEventHandlerComponent: PlayMakerFixedUpdate

AddEventHandlerComponent: PlayMakerFixedUpdate

AddEventHandlerComponent: PlayMakerFixedUpdate

AddEventHandlerComponent: PlayMakerFixedUpdate

AddEventHandlerComponent: PlayMakerFixedUpdate

AddEventHandlerComponent: PlayMakerFixedUpdate

AddEventHandlerComponent: PlayMakerFixedUpdate

AddEventHandlerComponent: PlayMakerFixedUpdate

AddEventHandlerComponent: PlayMakerFixedUpdate

AddEventHandlerComponent: PlayMakerFixedUpdate

AddEventHandlerComponent: PlayMakerFixedUpdate

AddEventHandlerComponent: PlayMakerFixedUpdate

AddEventHandlerComponent: PlayMakerFixedUpdate

AddEventHandlerComponent: PlayMakerFixedUpdate

AddEventHandlerComponent: PlayMakerFixedUpdate

AddEventHandlerComponent: PlayMakerFixedUpdate

AddEventHandlerComponent: PlayMakerFixedUpdate

AddEventHandlerComponent: PlayMakerFixedUpdate

AddEventHandlerComponent: PlayMakerFixedUpdate

AddEventHandlerComponent: PlayMakerFixedUpdate

AddEventHandlerComponent: PlayMakerFixedUpdate

AddEventHandlerComponent: PlayMakerFixedUpdate

AddEventHandlerComponent: PlayMakerFixedUpdate

AddEventHandlerComponent: PlayMakerFixedUpdate

AddEventHandlerComponent: PlayMakerFixedUpdate

AddEventHandlerComponent: PlayMakerFixedUpdate

AddEventHandlerComponent: PlayMakerFixedUpdate

AddEventHandlerComponent: PlayMakerFixedUpdate

AddEventHandlerComponent: PlayMakerFixedUpdate

AddEventHandlerComponent: PlayMakerFixedUpdate

AddEventHandlerComponent: PlayMakerFixedUpdate

AddEventHandlerComponent: PlayMakerFixedUpdate

AddEventHandlerComponent: PlayMakerFixedUpdate

AddEventHandlerComponent: PlayMakerFixedUpdate

AddEventHandlerComponent: PlayMakerFixedUpdate

AddEventHandlerComponent: PlayMakerFixedUpdate

AddEventHandlerComponent: PlayMakerFixedUpdate

AddEventHandlerComponent: PlayMakerFixedUpdate

AddEventHandlerComponent: PlayMakerFixedUpdate

AddEventHandlerComponent: PlayMakerFixedUpdate

AddEventHandlerComponent: PlayMakerFixedUpdate

AddEventHandlerComponent: PlayMakerFixedUpdate

AddEventHandlerComponent: PlayMakerFixedUpdate

AddEventHandlerComponent: PlayMakerFixedUpdate

AddEventHandlerComponent: PlayMakerFixedUpdate

AddEventHandlerComponent: PlayMakerFixedUpdate

AddEventHandlerComponent: PlayMakerFixedUpdate

AddEventHandlerComponent: PlayMakerFixedUpdate

AddEventHandlerComponent: PlayMakerFixedUpdate

AddEventHandlerComponent: PlayMakerFixedUpdate

AddEventHandlerComponent: PlayMakerFixedUpdate

AddEventHandlerComponent: PlayMakerFixedUpdate

AddEventHandlerComponent: PlayMakerFixedUpdate

AddEventHandlerComponent: PlayMakerFixedUpdate

PlayOneShot was called with a null AudioClip.

AddEventHandlerComponent: PlayMakerFixedUpdate

PlayOneShot was called with a null AudioClip.

AddEventHandlerComponent: PlayMakerFixedUpdate

PlayOneShot was called with a null AudioClip.

AddEventHandlerComponent: PlayMakerFixedUpdate

PlayOneShot was called with a null AudioClip.

AddEventHandlerComponent: PlayMakerFixedUpdate

AddEventHandlerComponent: PlayMakerFixedUpdate

AddEventHandlerComponent: PlayMakerFixedUpdate

AddEventHandlerComponent: PlayMakerFixedUpdate

AddEventHandlerComponent: PlayMakerFixedUpdate

AddEventHandlerComponent: PlayMakerFixedUpdate

PlayOneShot was called with a null AudioClip.

PlayOneShot was called with a null AudioClip.

AddEventHandlerComponent: PlayMakerFixedUpdate

PlayOneShot was called with a null AudioClip.

AddEventHandlerComponent: PlayMakerFixedUpdate

PlayOneShot was called with a null AudioClip.

AddEventHandlerComponent: PlayMakerFixedUpdate

PlayOneShot was called with a null AudioClip.

PlayOneShot was called with a null AudioClip.

Couldn't find current scene object!

Object Pool attached to GlobalPool has run out of Audio Player NoDestroy prefabs, Instantiating an additional one.

AddEventHandlerComponent: PlayMakerCollisionEnter2D

AddEventHandlerComponent: PlayMakerFixedUpdate

AddEventHandlerComponent: PlayMakerFixedUpdate

AddEventHandlerComponent: PlayMakerFixedUpdate

Deferring level start (marked as manual).

Unloading 48 Unused Serialized files (Serialized files now loaded: 0)
AddEventHandlerComponent: PlayMakerFixedUpdate


Unloading 1096 unused Assets to reduce memory usage. Loaded Objects now: 58830.
Total: 532.252800 ms (FindLiveObjects: 14.761900 ms CreateObjectMapping: 3.462800 ms MarkObjects: 509.270600 ms  DeleteObjects: 4.756100 ms)

PlayOneShot was called with a null AudioClip.

AddEventHandlerComponent: PlayMakerFixedUpdate

AddEventHandlerComponent: PlayMakerFixedUpdate

AddEventHandlerComponent: PlayMakerFixedUpdate

AddEventHandlerComponent: PlayMakerFixedUpdate

AddEventHandlerComponent: PlayMakerFixedUpdate

AddEventHandlerComponent: PlayMakerFixedUpdate

AddEventHandlerComponent: PlayMakerFixedUpdate

AddEventHandlerComponent: PlayMakerFixedUpdate

AddEventHandlerComponent: PlayMakerFixedUpdate

AddEventHandlerComponent: PlayMakerFixedUpdate

AddEventHandlerComponent: PlayMakerFixedUpdate

Deferring level start (marked as manual).

AddEventHandlerComponent: PlayMakerFixedUpdate

Could not find FSM: health_manager_enemy

Couldn't find current scene object!

Object Pool attached to GlobalPool has run out of Audio Player NoDestroy prefabs, Instantiating an additional one.

AddEventHandlerComponent: PlayMakerCollisionEnter2D

AddEventHandlerComponent: PlayMakerFixedUpdate

AddEventHandlerComponent: PlayMakerFixedUpdate

AddEventHandlerComponent: PlayMakerFixedUpdate

Deferring level start (marked as manual).

Unloading 36 Unused Serialized files (Serialized files now loaded: 0)
AddEventHandlerComponent: PlayMakerFixedUpdate


Unloading 327 unused Assets to reduce memory usage. Loaded Objects now: 58879.
Total: 484.980500 ms (FindLiveObjects: 19.244100 ms CreateObjectMapping: 4.322900 ms MarkObjects: 459.389600 ms  DeleteObjects: 2.021900 ms)

PlayOneShot was called with a null AudioClip.

AddEventHandlerComponent: PlayMakerFixedUpdate

AddEventHandlerComponent: PlayMakerFixedUpdate

AddEventHandlerComponent: PlayMakerFixedUpdate

AddEventHandlerComponent: PlayMakerFixedUpdate

AddEventHandlerComponent: PlayMakerFixedUpdate

AddEventHandlerComponent: PlayMakerFixedUpdate

AddEventHandlerComponent: PlayMakerFixedUpdate

AddEventHandlerComponent: PlayMakerFixedUpdate

AddEventHandlerComponent: PlayMakerFixedUpdate

AddEventHandlerComponent: PlayMakerFixedUpdate

AddEventHandlerComponent: PlayMakerFixedUpdate

AddEventHandlerComponent: PlayMakerFixedUpdate

Deferring level start (marked as manual).

AddEventHandlerComponent: PlayMakerFixedUpdate

Could not find FSM: health_manager_enemy

Object Pool attached to GlobalPool has run out of Fireball2 Top prefabs, Instantiating an additional one.

AddEventHandlerComponent: PlayMakerFixedUpdate

Object Pool attached to GlobalPool has run out of Fireball2 Spiral prefabs, Instantiating an additional one.

AddEventHandlerComponent: PlayMakerFixedUpdate

PlayOneShot was called with a null AudioClip.

PlayOneShot was called with a null AudioClip.

PlayOneShot was called with a null AudioClip.

Deferring level start (marked as manual).

PlayOneShot was called with a null AudioClip.

AddEventHandlerComponent: PlayMakerFixedUpdate

AddEventHandlerComponent: PlayMakerFixedUpdate

AddEventHandlerComponent: PlayMakerFixedUpdate

PlayOneShot was called with a null AudioClip.

AddEventHandlerComponent: PlayMakerFixedUpdate

PlayOneShot was called with a null AudioClip.

AddEventHandlerComponent: PlayMakerFixedUpdate

PlayOneShot was called with a null AudioClip.

PlayOneShot was called with a null AudioClip.

AddEventHandlerComponent: PlayMakerFixedUpdate

AddEventHandlerComponent: PlayMakerFixedUpdate

AddEventHandlerComponent: PlayMakerFixedUpdate

AddEventHandlerComponent: PlayMakerFixedUpdate

AddEventHandlerComponent: PlayMakerFixedUpdate

AddEventHandlerComponent: PlayMakerFixedUpdate

AddEventHandlerComponent: PlayMakerFixedUpdate

AddEventHandlerComponent: PlayMakerFixedUpdate

AddEventHandlerComponent: PlayMakerFixedUpdate

AddEventHandlerComponent: PlayMakerFixedUpdate

AddEventHandlerComponent: PlayMakerFixedUpdate

AddEventHandlerComponent: PlayMakerFixedUpdate

AddEventHandlerComponent: PlayMakerFixedUpdate

AddEventHandlerComponent: PlayMakerFixedUpdate

AddEventHandlerComponent: PlayMakerFixedUpdate

AddEventHandlerComponent: PlayMakerFixedUpdate

AddEventHandlerComponent: PlayMakerFixedUpdate

AddEventHandlerComponent: PlayMakerFixedUpdate

AddEventHandlerComponent: PlayMakerFixedUpdate

AddEventHandlerComponent: PlayMakerFixedUpdate

AddEventHandlerComponent: PlayMakerFixedUpdate

AddEventHandlerComponent: PlayMakerFixedUpdate

AddEventHandlerComponent: PlayMakerFixedUpdate

AddEventHandlerComponent: PlayMakerFixedUpdate

AddEventHandlerComponent: PlayMakerFixedUpdate

AddEventHandlerComponent: PlayMakerFixedUpdate

AddEventHandlerComponent: PlayMakerFixedUpdate

AddEventHandlerComponent: PlayMakerFixedUpdate

AddEventHandlerComponent: PlayMakerFixedUpdate

AddEventHandlerComponent: PlayMakerFixedUpdate

AddEventHandlerComponent: PlayMakerFixedUpdate

AddEventHandlerComponent: PlayMakerFixedUpdate

AddEventHandlerComponent: PlayMakerFixedUpdate

AddEventHandlerComponent: PlayMakerFixedUpdate

AddEventHandlerComponent: PlayMakerFixedUpdate

AddEventHandlerComponent: PlayMakerFixedUpdate

AddEventHandlerComponent: PlayMakerFixedUpdate

AddEventHandlerComponent: PlayMakerFixedUpdate

AddEventHandlerComponent: PlayMakerFixedUpdate

AddEventHandlerComponent: PlayMakerFixedUpdate

AddEventHandlerComponent: PlayMakerFixedUpdate

AddEventHandlerComponent: PlayMakerFixedUpdate

AddEventHandlerComponent: PlayMakerFixedUpdate

AddEventHandlerComponent: PlayMakerFixedUpdate

AddEventHandlerComponent: PlayMakerFixedUpdate

AddEventHandlerComponent: PlayMakerFixedUpdate

AddEventHandlerComponent: PlayMakerFixedUpdate

AddEventHandlerComponent: PlayMakerFixedUpdate

AddEventHandlerComponent: PlayMakerFixedUpdate

AddEventHandlerComponent: PlayMakerFixedUpdate

AddEventHandlerComponent: PlayMakerFixedUpdate

AddEventHandlerComponent: PlayMakerFixedUpdate

AddEventHandlerComponent: PlayMakerFixedUpdate

AddEventHandlerComponent: PlayMakerFixedUpdate

AddEventHandlerComponent: PlayMakerFixedUpdate

AddEventHandlerComponent: PlayMakerFixedUpdate

AddEventHandlerComponent: PlayMakerFixedUpdate

AddEventHandlerComponent: PlayMakerFixedUpdate

AddEventHandlerComponent: PlayMakerFixedUpdate

AddEventHandlerComponent: PlayMakerFixedUpdate

AddEventHandlerComponent: PlayMakerFixedUpdate

AddEventHandlerComponent: PlayMakerFixedUpdate

AddEventHandlerComponent: PlayMakerFixedUpdate

AddEventHandlerComponent: PlayMakerFixedUpdate

Couldn't find current scene object!

Object Pool attached to GlobalPool has run out of Audio Player NoDestroy prefabs, Instantiating an additional one.

AddEventHandlerComponent: PlayMakerCollisionEnter2D

AddEventHandlerComponent: PlayMakerFixedUpdate

AddEventHandlerComponent: PlayMakerFixedUpdate

AddEventHandlerComponent: PlayMakerFixedUpdate

Deferring level start (marked as manual).

Unloading 48 Unused Serialized files (Serialized files now loaded: 0)
AddEventHandlerComponent: PlayMakerFixedUpdate


Unloading 1063 unused Assets to reduce memory usage. Loaded Objects now: 59121.
Total: 353.830300 ms (FindLiveObjects: 14.340500 ms CreateObjectMapping: 2.809000 ms MarkObjects: 332.180200 ms  DeleteObjects: 4.498900 ms)

PlayOneShot was called with a null AudioClip.

AddEventHandlerComponent: PlayMakerFixedUpdate

AddEventHandlerComponent: PlayMakerFixedUpdate

AddEventHandlerComponent: PlayMakerFixedUpdate

AddEventHandlerComponent: PlayMakerFixedUpdate

AddEventHandlerComponent: PlayMakerFixedUpdate

AddEventHandlerComponent: PlayMakerFixedUpdate

AddEventHandlerComponent: PlayMakerFixedUpdate

AddEventHandlerComponent: PlayMakerFixedUpdate

AddEventHandlerComponent: PlayMakerFixedUpdate

AddEventHandlerComponent: PlayMakerFixedUpdate

AddEventHandlerComponent: PlayMakerFixedUpdate

AddEventHandlerComponent: PlayMakerFixedUpdate

AddEventHandlerComponent: PlayMakerFixedUpdate

AddEventHandlerComponent: PlayMakerFixedUpdate

AddEventHandlerComponent: PlayMakerFixedUpdate

Deferring level start (marked as manual).

AddEventHandlerComponent: PlayMakerFixedUpdate

Could not find FSM: health_manager_enemy

Object Pool attached to GlobalPool has run out of Run Effects prefabs, Instantiating an additional one.

PlayOneShot was called with a null AudioClip.

PlayOneShot was called with a null AudioClip.

PlayOneShot was called with a null AudioClip.

Deferring level start (marked as manual).

PlayOneShot was called with a null AudioClip.

AddEventHandlerComponent: PlayMakerFixedUpdate

AddEventHandlerComponent: PlayMakerFixedUpdate

AddEventHandlerComponent: PlayMakerFixedUpdate

AddEventHandlerComponent: PlayMakerFixedUpdate

AddEventHandlerComponent: PlayMakerFixedUpdate

AddEventHandlerComponent: PlayMakerFixedUpdate

AddEventHandlerComponent: PlayMakerFixedUpdate

AddEventHandlerComponent: PlayMakerFixedUpdate

AddEventHandlerComponent: PlayMakerFixedUpdate

AddEventHandlerComponent: PlayMakerFixedUpdate

AddEventHandlerComponent: PlayMakerFixedUpdate

AddEventHandlerComponent: PlayMakerFixedUpdate

AddEventHandlerComponent: PlayMakerFixedUpdate

AddEventHandlerComponent: PlayMakerFixedUpdate

AddEventHandlerComponent: PlayMakerFixedUpdate

AddEventHandlerComponent: PlayMakerFixedUpdate

AddEventHandlerComponent: PlayMakerFixedUpdate

AddEventHandlerComponent: PlayMakerFixedUpdate

AddEventHandlerComponent: PlayMakerFixedUpdate

AddEventHandlerComponent: PlayMakerFixedUpdate

AddEventHandlerComponent: PlayMakerFixedUpdate

AddEventHandlerComponent: PlayMakerFixedUpdate

AddEventHandlerComponent: PlayMakerFixedUpdate

AddEventHandlerComponent: PlayMakerFixedUpdate

AddEventHandlerComponent: PlayMakerFixedUpdate

AddEventHandlerComponent: PlayMakerFixedUpdate

AddEventHandlerComponent: PlayMakerFixedUpdate

AddEventHandlerComponent: PlayMakerFixedUpdate

AddEventHandlerComponent: PlayMakerFixedUpdate

AddEventHandlerComponent: PlayMakerFixedUpdate

AddEventHandlerComponent: PlayMakerFixedUpdate

AddEventHandlerComponent: PlayMakerFixedUpdate

AddEventHandlerComponent: PlayMakerFixedUpdate

AddEventHandlerComponent: PlayMakerFixedUpdate

AddEventHandlerComponent: PlayMakerFixedUpdate

AddEventHandlerComponent: PlayMakerFixedUpdate

AddEventHandlerComponent: PlayMakerFixedUpdate

AddEventHandlerComponent: PlayMakerFixedUpdate

AddEventHandlerComponent: PlayMakerFixedUpdate

AddEventHandlerComponent: PlayMakerFixedUpdate

AddEventHandlerComponent: PlayMakerFixedUpdate

AddEventHandlerComponent: PlayMakerFixedUpdate

AddEventHandlerComponent: PlayMakerFixedUpdate

AddEventHandlerComponent: PlayMakerFixedUpdate

AddEventHandlerComponent: PlayMakerFixedUpdate

AddEventHandlerComponent: PlayMakerFixedUpdate

AddEventHandlerComponent: PlayMakerFixedUpdate

AddEventHandlerComponent: PlayMakerFixedUpdate

AddEventHandlerComponent: PlayMakerFixedUpdate

AddEventHandlerComponent: PlayMakerFixedUpdate

AddEventHandlerComponent: PlayMakerFixedUpdate

AddEventHandlerComponent: PlayMakerFixedUpdate

AddEventHandlerComponent: PlayMakerFixedUpdate

AddEventHandlerComponent: PlayMakerFixedUpdate

AddEventHandlerComponent: PlayMakerFixedUpdate

AddEventHandlerComponent: PlayMakerFixedUpdate

AddEventHandlerComponent: PlayMakerFixedUpdate

AddEventHandlerComponent: PlayMakerFixedUpdate

AddEventHandlerComponent: PlayMakerFixedUpdate

AddEventHandlerComponent: PlayMakerFixedUpdate

AddEventHandlerComponent: PlayMakerFixedUpdate

AddEventHandlerComponent: PlayMakerFixedUpdate

AddEventHandlerComponent: PlayMakerFixedUpdate

AddEventHandlerComponent: PlayMakerFixedUpdate

AddEventHandlerComponent: PlayMakerFixedUpdate

AddEventHandlerComponent: PlayMakerFixedUpdate

AddEventHandlerComponent: PlayMakerFixedUpdate

PlayOneShot was called with a null AudioClip.

AddEventHandlerComponent: PlayMakerFixedUpdate

PlayOneShot was called with a null AudioClip.

AddEventHandlerComponent: PlayMakerFixedUpdate

PlayOneShot was called with a null AudioClip.

AddEventHandlerComponent: PlayMakerFixedUpdate

PlayOneShot was called with a null AudioClip.

AddEventHandlerComponent: PlayMakerFixedUpdate

PlayOneShot was called with a null AudioClip.

AddEventHandlerComponent: PlayMakerFixedUpdate

PlayOneShot was called with a null AudioClip.

AddEventHandlerComponent: PlayMakerFixedUpdate

AddEventHandlerComponent: PlayMakerFixedUpdate

AddEventHandlerComponent: PlayMakerFixedUpdate

AddEventHandlerComponent: PlayMakerFixedUpdate

AddEventHandlerComponent: PlayMakerFixedUpdate

AddEventHandlerComponent: PlayMakerFixedUpdate

PlayOneShot was called with a null AudioClip.

Couldn't find current scene object!

Object Pool attached to GlobalPool has run out of Audio Player NoDestroy prefabs, Instantiating an additional one.

AddEventHandlerComponent: PlayMakerCollisionEnter2D

AddEventHandlerComponent: PlayMakerFixedUpdate

AddEventHandlerComponent: PlayMakerFixedUpdate

PlayOneShot was called with a null AudioClip.

AddEventHandlerComponent: PlayMakerFixedUpdate

AddEventHandlerComponent: PlayMakerFixedUpdate

Deferring level start (marked as manual).

Unloading 48 Unused Serialized files (Serialized files now loaded: 0)
AddEventHandlerComponent: PlayMakerFixedUpdate


Unloading 1069 unused Assets to reduce memory usage. Loaded Objects now: 59281.
Total: 468.078600 ms (FindLiveObjects: 16.390900 ms CreateObjectMapping: 3.276500 ms MarkObjects: 443.939500 ms  DeleteObjects: 4.468100 ms)

PlayOneShot was called with a null AudioClip.

AddEventHandlerComponent: PlayMakerFixedUpdate

AddEventHandlerComponent: PlayMakerFixedUpdate

AddEventHandlerComponent: PlayMakerFixedUpdate

AddEventHandlerComponent: PlayMakerFixedUpdate

AddEventHandlerComponent: PlayMakerFixedUpdate

AddEventHandlerComponent: PlayMakerFixedUpdate

AddEventHandlerComponent: PlayMakerFixedUpdate

AddEventHandlerComponent: PlayMakerFixedUpdate

AddEventHandlerComponent: PlayMakerFixedUpdate

AddEventHandlerComponent: PlayMakerFixedUpdate

AddEventHandlerComponent: PlayMakerFixedUpdate

AddEventHandlerComponent: PlayMakerFixedUpdate

AddEventHandlerComponent: PlayMakerFixedUpdate

AddEventHandlerComponent: PlayMakerFixedUpdate

AddEventHandlerComponent: PlayMakerFixedUpdate

AddEventHandlerComponent: PlayMakerFixedUpdate

Deferring level start (marked as manual).

AddEventHandlerComponent: PlayMakerFixedUpdate

PlayOneShot was called with a null AudioClip.

PlayOneShot was called with a null AudioClip.

Deferring level start (marked as manual).

PlayOneShot was called with a null AudioClip.

AddEventHandlerComponent: PlayMakerFixedUpdate

AddEventHandlerComponent: PlayMakerFixedUpdate

AddEventHandlerComponent: PlayMakerFixedUpdate

AddEventHandlerComponent: PlayMakerFixedUpdate

AddEventHandlerComponent: PlayMakerFixedUpdate

AddEventHandlerComponent: PlayMakerFixedUpdate

AddEventHandlerComponent: PlayMakerFixedUpdate

AddEventHandlerComponent: PlayMakerFixedUpdate

AddEventHandlerComponent: PlayMakerFixedUpdate

AddEventHandlerComponent: PlayMakerFixedUpdate

AddEventHandlerComponent: PlayMakerFixedUpdate

AddEventHandlerComponent: PlayMakerFixedUpdate

AddEventHandlerComponent: PlayMakerFixedUpdate

AddEventHandlerComponent: PlayMakerFixedUpdate

AddEventHandlerComponent: PlayMakerFixedUpdate

AddEventHandlerComponent: PlayMakerFixedUpdate

AddEventHandlerComponent: PlayMakerFixedUpdate

AddEventHandlerComponent: PlayMakerFixedUpdate

AddEventHandlerComponent: PlayMakerFixedUpdate

AddEventHandlerComponent: PlayMakerFixedUpdate

AddEventHandlerComponent: PlayMakerFixedUpdate

AddEventHandlerComponent: PlayMakerFixedUpdate

AddEventHandlerComponent: PlayMakerFixedUpdate

AddEventHandlerComponent: PlayMakerFixedUpdate

AddEventHandlerComponent: PlayMakerFixedUpdate

AddEventHandlerComponent: PlayMakerFixedUpdate

AddEventHandlerComponent: PlayMakerFixedUpdate

AddEventHandlerComponent: PlayMakerFixedUpdate

AddEventHandlerComponent: PlayMakerFixedUpdate

AddEventHandlerComponent: PlayMakerFixedUpdate

AddEventHandlerComponent: PlayMakerFixedUpdate

AddEventHandlerComponent: PlayMakerFixedUpdate

AddEventHandlerComponent: PlayMakerFixedUpdate

AddEventHandlerComponent: PlayMakerFixedUpdate

AddEventHandlerComponent: PlayMakerFixedUpdate

AddEventHandlerComponent: PlayMakerFixedUpdate

AddEventHandlerComponent: PlayMakerFixedUpdate

AddEventHandlerComponent: PlayMakerFixedUpdate

AddEventHandlerComponent: PlayMakerFixedUpdate

AddEventHandlerComponent: PlayMakerFixedUpdate

AddEventHandlerComponent: PlayMakerFixedUpdate

AddEventHandlerComponent: PlayMakerFixedUpdate

AddEventHandlerComponent: PlayMakerFixedUpdate

AddEventHandlerComponent: PlayMakerFixedUpdate

AddEventHandlerComponent: PlayMakerFixedUpdate

AddEventHandlerComponent: PlayMakerFixedUpdate

AddEventHandlerComponent: PlayMakerFixedUpdate

AddEventHandlerComponent: PlayMakerFixedUpdate

AddEventHandlerComponent: PlayMakerFixedUpdate

AddEventHandlerComponent: PlayMakerFixedUpdate

AddEventHandlerComponent: PlayMakerFixedUpdate

AddEventHandlerComponent: PlayMakerFixedUpdate

AddEventHandlerComponent: PlayMakerFixedUpdate

AddEventHandlerComponent: PlayMakerFixedUpdate

AddEventHandlerComponent: PlayMakerFixedUpdate

AddEventHandlerComponent: PlayMakerFixedUpdate

AddEventHandlerComponent: PlayMakerFixedUpdate

AddEventHandlerComponent: PlayMakerFixedUpdate

AddEventHandlerComponent: PlayMakerFixedUpdate

AddEventHandlerComponent: PlayMakerFixedUpdate

AddEventHandlerComponent: PlayMakerFixedUpdate

AddEventHandlerComponent: PlayMakerFixedUpdate

AddEventHandlerComponent: PlayMakerFixedUpdate

AddEventHandlerComponent: PlayMakerFixedUpdate

AddEventHandlerComponent: PlayMakerFixedUpdate

AddEventHandlerComponent: PlayMakerFixedUpdate

PlayOneShot was called with a null AudioClip.

PlayOneShot was called with a null AudioClip.

PlayOneShot was called with a null AudioClip.

AddEventHandlerComponent: PlayMakerFixedUpdate

AddEventHandlerComponent: PlayMakerFixedUpdate

AddEventHandlerComponent: PlayMakerFixedUpdate

AddEventHandlerComponent: PlayMakerFixedUpdate

AddEventHandlerComponent: PlayMakerFixedUpdate

AddEventHandlerComponent: PlayMakerFixedUpdate

PlayOneShot was called with a null AudioClip.

PlayOneShot was called with a null AudioClip.

AddEventHandlerComponent: PlayMakerFixedUpdate

PlayOneShot was called with a null AudioClip.

AddEventHandlerComponent: PlayMakerFixedUpdate

PlayOneShot was called with a null AudioClip.

AddEventHandlerComponent: PlayMakerFixedUpdate

PlayOneShot was called with a null AudioClip.

Couldn't find current scene object!

Object Pool attached to GlobalPool has run out of Audio Player NoDestroy prefabs, Instantiating an additional one.

AddEventHandlerComponent: PlayMakerCollisionEnter2D

AddEventHandlerComponent: PlayMakerFixedUpdate

AddEventHandlerComponent: PlayMakerFixedUpdate

AddEventHandlerComponent: PlayMakerFixedUpdate

Deferring level start (marked as manual).

Unloading 48 Unused Serialized files (Serialized files now loaded: 0)
AddEventHandlerComponent: PlayMakerFixedUpdate


Unloading 1066 unused Assets to reduce memory usage. Loaded Objects now: 59436.
Total: 341.645500 ms (FindLiveObjects: 13.704100 ms CreateObjectMapping: 2.877500 ms MarkObjects: 320.202900 ms  DeleteObjects: 4.857300 ms)

PlayOneShot was called with a null AudioClip.

AddEventHandlerComponent: PlayMakerFixedUpdate

AddEventHandlerComponent: PlayMakerFixedUpdate

AddEventHandlerComponent: PlayMakerFixedUpdate

AddEventHandlerComponent: PlayMakerFixedUpdate

AddEventHandlerComponent: PlayMakerFixedUpdate

AddEventHandlerComponent: PlayMakerFixedUpdate

AddEventHandlerComponent: PlayMakerFixedUpdate

AddEventHandlerComponent: PlayMakerFixedUpdate

AddEventHandlerComponent: PlayMakerFixedUpdate

AddEventHandlerComponent: PlayMakerFixedUpdate

AddEventHandlerComponent: PlayMakerFixedUpdate

AddEventHandlerComponent: PlayMakerFixedUpdate

AddEventHandlerComponent: PlayMakerFixedUpdate

AddEventHandlerComponent: PlayMakerFixedUpdate

AddEventHandlerComponent: PlayMakerFixedUpdate

Deferring level start (marked as manual).

AddEventHandlerComponent: PlayMakerFixedUpdate

Could not find FSM: health_manager_enemy

PlayOneShot was called with a null AudioClip.

Couldn't find current scene object!

Object Pool attached to GlobalPool has run out of Audio Player NoDestroy prefabs, Instantiating an additional one.

AddEventHandlerComponent: PlayMakerCollisionEnter2D

AddEventHandlerComponent: PlayMakerFixedUpdate

AddEventHandlerComponent: PlayMakerFixedUpdate

AddEventHandlerComponent: PlayMakerFixedUpdate

Deferring level start (marked as manual).

Unloading 36 Unused Serialized files (Serialized files now loaded: 0)
AddEventHandlerComponent: PlayMakerFixedUpdate


Unloading 341 unused Assets to reduce memory usage. Loaded Objects now: 59496.
Total: 420.243800 ms (FindLiveObjects: 16.246900 ms CreateObjectMapping: 2.677100 ms MarkObjects: 399.564700 ms  DeleteObjects: 1.753300 ms)

PlayOneShot was called with a null AudioClip.

AddEventHandlerComponent: PlayMakerFixedUpdate

AddEventHandlerComponent: PlayMakerFixedUpdate

AddEventHandlerComponent: PlayMakerFixedUpdate

AddEventHandlerComponent: PlayMakerFixedUpdate

AddEventHandlerComponent: PlayMakerFixedUpdate

AddEventHandlerComponent: PlayMakerFixedUpdate

AddEventHandlerComponent: PlayMakerFixedUpdate

AddEventHandlerComponent: PlayMakerFixedUpdate

AddEventHandlerComponent: PlayMakerFixedUpdate

AddEventHandlerComponent: PlayMakerFixedUpdate

AddEventHandlerComponent: PlayMakerFixedUpdate

AddEventHandlerComponent: PlayMakerFixedUpdate

AddEventHandlerComponent: PlayMakerFixedUpdate

AddEventHandlerComponent: PlayMakerFixedUpdate

Deferring level start (marked as manual).

AddEventHandlerComponent: PlayMakerFixedUpdate

Could not find FSM: health_manager_enemy

PlayOneShot was called with a null AudioClip.

PlayOneShot was called with a null AudioClip.

Deferring level start (marked as manual).

PlayOneShot was called with a null AudioClip.

AddEventHandlerComponent: PlayMakerFixedUpdate

AddEventHandlerComponent: PlayMakerFixedUpdate

AddEventHandlerComponent: PlayMakerFixedUpdate

AddEventHandlerComponent: PlayMakerFixedUpdate

AddEventHandlerComponent: PlayMakerFixedUpdate

AddEventHandlerComponent: PlayMakerFixedUpdate

AddEventHandlerComponent: PlayMakerFixedUpdate

AddEventHandlerComponent: PlayMakerFixedUpdate

AddEventHandlerComponent: PlayMakerFixedUpdate

AddEventHandlerComponent: PlayMakerFixedUpdate

AddEventHandlerComponent: PlayMakerFixedUpdate

AddEventHandlerComponent: PlayMakerFixedUpdate

AddEventHandlerComponent: PlayMakerFixedUpdate

AddEventHandlerComponent: PlayMakerFixedUpdate

AddEventHandlerComponent: PlayMakerFixedUpdate

AddEventHandlerComponent: PlayMakerFixedUpdate

AddEventHandlerComponent: PlayMakerFixedUpdate

AddEventHandlerComponent: PlayMakerFixedUpdate

AddEventHandlerComponent: PlayMakerFixedUpdate

AddEventHandlerComponent: PlayMakerFixedUpdate

AddEventHandlerComponent: PlayMakerFixedUpdate

AddEventHandlerComponent: PlayMakerFixedUpdate

AddEventHandlerComponent: PlayMakerFixedUpdate

AddEventHandlerComponent: PlayMakerFixedUpdate

AddEventHandlerComponent: PlayMakerFixedUpdate

AddEventHandlerComponent: PlayMakerFixedUpdate

AddEventHandlerComponent: PlayMakerFixedUpdate

AddEventHandlerComponent: PlayMakerFixedUpdate

AddEventHandlerComponent: PlayMakerFixedUpdate

AddEventHandlerComponent: PlayMakerFixedUpdate

AddEventHandlerComponent: PlayMakerFixedUpdate

AddEventHandlerComponent: PlayMakerFixedUpdate

AddEventHandlerComponent: PlayMakerFixedUpdate

AddEventHandlerComponent: PlayMakerFixedUpdate

AddEventHandlerComponent: PlayMakerFixedUpdate

AddEventHandlerComponent: PlayMakerFixedUpdate

AddEventHandlerComponent: PlayMakerFixedUpdate

AddEventHandlerComponent: PlayMakerFixedUpdate

AddEventHandlerComponent: PlayMakerFixedUpdate

AddEventHandlerComponent: PlayMakerFixedUpdate

AddEventHandlerComponent: PlayMakerFixedUpdate

AddEventHandlerComponent: PlayMakerFixedUpdate

AddEventHandlerComponent: PlayMakerFixedUpdate

AddEventHandlerComponent: PlayMakerFixedUpdate

AddEventHandlerComponent: PlayMakerFixedUpdate

AddEventHandlerComponent: PlayMakerFixedUpdate

AddEventHandlerComponent: PlayMakerFixedUpdate

AddEventHandlerComponent: PlayMakerFixedUpdate

AddEventHandlerComponent: PlayMakerFixedUpdate

AddEventHandlerComponent: PlayMakerFixedUpdate

AddEventHandlerComponent: PlayMakerFixedUpdate

AddEventHandlerComponent: PlayMakerFixedUpdate

AddEventHandlerComponent: PlayMakerFixedUpdate

AddEventHandlerComponent: PlayMakerFixedUpdate

AddEventHandlerComponent: PlayMakerFixedUpdate

AddEventHandlerComponent: PlayMakerFixedUpdate

AddEventHandlerComponent: PlayMakerFixedUpdate

AddEventHandlerComponent: PlayMakerFixedUpdate

AddEventHandlerComponent: PlayMakerFixedUpdate

AddEventHandlerComponent: PlayMakerFixedUpdate

AddEventHandlerComponent: PlayMakerFixedUpdate

AddEventHandlerComponent: PlayMakerFixedUpdate

AddEventHandlerComponent: PlayMakerFixedUpdate

AddEventHandlerComponent: PlayMakerFixedUpdate

AddEventHandlerComponent: PlayMakerFixedUpdate

AddEventHandlerComponent: PlayMakerFixedUpdate

AddEventHandlerComponent: PlayMakerFixedUpdate

AddEventHandlerComponent: PlayMakerFixedUpdate

AddEventHandlerComponent: PlayMakerFixedUpdate

AddEventHandlerComponent: PlayMakerFixedUpdate

AddEventHandlerComponent: PlayMakerFixedUpdate

AddEventHandlerComponent: PlayMakerFixedUpdate

AddEventHandlerComponent: PlayMakerFixedUpdate

PlayOneShot was called with a null AudioClip.

AddEventHandlerComponent: PlayMakerFixedUpdate

PlayOneShot was called with a null AudioClip.

AddEventHandlerComponent: PlayMakerFixedUpdate

PlayOneShot was called with a null AudioClip.

AddEventHandlerComponent: PlayMakerFixedUpdate

PlayOneShot was called with a null AudioClip.

AddEventHandlerComponent: PlayMakerFixedUpdate

PlayOneShot was called with a null AudioClip.

AddEventHandlerComponent: PlayMakerFixedUpdate

PlayOneShot was called with a null AudioClip.

PlayOneShot was called with a null AudioClip.

AddEventHandlerComponent: PlayMakerFixedUpdate

PlayOneShot was called with a null AudioClip.

AddEventHandlerComponent: PlayMakerFixedUpdate

PlayOneShot was called with a null AudioClip.

AddEventHandlerComponent: PlayMakerFixedUpdate

PlayOneShot was called with a null AudioClip.

PlayOneShot was called with a null AudioClip.

Object Pool attached to GlobalPool has run out of Radiant Nail Comb prefabs, Instantiating an additional one.

PlayOneShot was called with a null AudioClip.

PlayOneShot was called with a null AudioClip.

AddEventHandlerComponent: PlayMakerFixedUpdate

PlayOneShot was called with a null AudioClip.

PlayOneShot was called with a null AudioClip.

PlayOneShot was called with a null AudioClip.

PlayOneShot was called with a null AudioClip.

PlayOneShot was called with a null AudioClip.

PlayOneShot was called with a null AudioClip.

AddEventHandlerComponent: PlayMakerFixedUpdate

PlayOneShot was called with a null AudioClip.

PlayOneShot was called with a null AudioClip.

PlayOneShot was called with a null AudioClip.

PlayOneShot was called with a null AudioClip.

Couldn't find current scene object!

Object Pool attached to GlobalPool has run out of Audio Player NoDestroy prefabs, Instantiating an additional one.

PlayOneShot was called with a null AudioClip.

AddEventHandlerComponent: PlayMakerCollisionEnter2D

AddEventHandlerComponent: PlayMakerFixedUpdate

AddEventHandlerComponent: PlayMakerFixedUpdate

AddEventHandlerComponent: PlayMakerFixedUpdate

Deferring level start (marked as manual).

Unloading 48 Unused Serialized files (Serialized files now loaded: 0)
AddEventHandlerComponent: PlayMakerFixedUpdate


Unloading 1085 unused Assets to reduce memory usage. Loaded Objects now: 59641.
Total: 467.603400 ms (FindLiveObjects: 8.591000 ms CreateObjectMapping: 4.784000 ms MarkObjects: 449.073200 ms  DeleteObjects: 5.152900 ms)

PlayOneShot was called with a null AudioClip.

AddEventHandlerComponent: PlayMakerFixedUpdate

AddEventHandlerComponent: PlayMakerFixedUpdate

AddEventHandlerComponent: PlayMakerFixedUpdate

AddEventHandlerComponent: PlayMakerFixedUpdate

AddEventHandlerComponent: PlayMakerFixedUpdate

AddEventHandlerComponent: PlayMakerFixedUpdate

AddEventHandlerComponent: PlayMakerFixedUpdate

AddEventHandlerComponent: PlayMakerFixedUpdate

AddEventHandlerComponent: PlayMakerFixedUpdate

AddEventHandlerComponent: PlayMakerFixedUpdate

AddEventHandlerComponent: PlayMakerFixedUpdate

AddEventHandlerComponent: PlayMakerFixedUpdate

AddEventHandlerComponent: PlayMakerFixedUpdate

Deferring level start (marked as manual).

AddEventHandlerComponent: PlayMakerFixedUpdate

Could not find FSM: health_manager_enemy

PlayOneShot was called with a null AudioClip.

PlayOneShot was called with a null AudioClip.

Deferring level start (marked as manual).

PlayOneShot was called with a null AudioClip.

AddEventHandlerComponent: PlayMakerFixedUpdate

AddEventHandlerComponent: PlayMakerFixedUpdate

Object Pool attached to GlobalPool has run out of Ghost Hit Pt prefabs, Instantiating an additional one.

AddEventHandlerComponent: PlayMakerFixedUpdate

AddEventHandlerComponent: PlayMakerFixedUpdate

AddEventHandlerComponent: PlayMakerFixedUpdate

AddEventHandlerComponent: PlayMakerFixedUpdate

AddEventHandlerComponent: PlayMakerFixedUpdate

AddEventHandlerComponent: PlayMakerFixedUpdate

AddEventHandlerComponent: PlayMakerFixedUpdate

AddEventHandlerComponent: PlayMakerFixedUpdate

AddEventHandlerComponent: PlayMakerFixedUpdate

AddEventHandlerComponent: PlayMakerFixedUpdate

AddEventHandlerComponent: PlayMakerFixedUpdate

AddEventHandlerComponent: PlayMakerFixedUpdate

AddEventHandlerComponent: PlayMakerFixedUpdate

AddEventHandlerComponent: PlayMakerFixedUpdate

AddEventHandlerComponent: PlayMakerFixedUpdate

AddEventHandlerComponent: PlayMakerFixedUpdate

AddEventHandlerComponent: PlayMakerFixedUpdate

AddEventHandlerComponent: PlayMakerFixedUpdate

AddEventHandlerComponent: PlayMakerFixedUpdate

AddEventHandlerComponent: PlayMakerFixedUpdate

AddEventHandlerComponent: PlayMakerFixedUpdate

AddEventHandlerComponent: PlayMakerFixedUpdate

AddEventHandlerComponent: PlayMakerFixedUpdate

AddEventHandlerComponent: PlayMakerFixedUpdate

AddEventHandlerComponent: PlayMakerFixedUpdate

PlayOneShot was called with a null AudioClip.

AddEventHandlerComponent: PlayMakerFixedUpdate

PlayOneShot was called with a null AudioClip.

AddEventHandlerComponent: PlayMakerFixedUpdate

PlayOneShot was called with a null AudioClip.

AddEventHandlerComponent: PlayMakerFixedUpdate

AddEventHandlerComponent: PlayMakerFixedUpdate

AddEventHandlerComponent: PlayMakerFixedUpdate

AddEventHandlerComponent: PlayMakerFixedUpdate

AddEventHandlerComponent: PlayMakerFixedUpdate

AddEventHandlerComponent: PlayMakerFixedUpdate

AddEventHandlerComponent: PlayMakerFixedUpdate

AddEventHandlerComponent: PlayMakerFixedUpdate

AddEventHandlerComponent: PlayMakerFixedUpdate

AddEventHandlerComponent: PlayMakerFixedUpdate

AddEventHandlerComponent: PlayMakerFixedUpdate

AddEventHandlerComponent: PlayMakerFixedUpdate

AddEventHandlerComponent: PlayMakerFixedUpdate

AddEventHandlerComponent: PlayMakerFixedUpdate

AddEventHandlerComponent: PlayMakerFixedUpdate

AddEventHandlerComponent: PlayMakerFixedUpdate

AddEventHandlerComponent: PlayMakerFixedUpdate

AddEventHandlerComponent: PlayMakerFixedUpdate

AddEventHandlerComponent: PlayMakerFixedUpdate

AddEventHandlerComponent: PlayMakerFixedUpdate

AddEventHandlerComponent: PlayMakerFixedUpdate

AddEventHandlerComponent: PlayMakerFixedUpdate

AddEventHandlerComponent: PlayMakerFixedUpdate

AddEventHandlerComponent: PlayMakerFixedUpdate

AddEventHandlerComponent: PlayMakerFixedUpdate

AddEventHandlerComponent: PlayMakerFixedUpdate

AddEventHandlerComponent: PlayMakerFixedUpdate

AddEventHandlerComponent: PlayMakerFixedUpdate

AddEventHandlerComponent: PlayMakerFixedUpdate

AddEventHandlerComponent: PlayMakerFixedUpdate

AddEventHandlerComponent: PlayMakerFixedUpdate

AddEventHandlerComponent: PlayMakerFixedUpdate

AddEventHandlerComponent: PlayMakerFixedUpdate

AddEventHandlerComponent: PlayMakerFixedUpdate

AddEventHandlerComponent: PlayMakerFixedUpdate

AddEventHandlerComponent: PlayMakerFixedUpdate

AddEventHandlerComponent: PlayMakerFixedUpdate

AddEventHandlerComponent: PlayMakerFixedUpdate

AddEventHandlerComponent: PlayMakerFixedUpdate

AddEventHandlerComponent: PlayMakerFixedUpdate

AddEventHandlerComponent: PlayMakerFixedUpdate

AddEventHandlerComponent: PlayMakerFixedUpdate

AddEventHandlerComponent: PlayMakerFixedUpdate

AddEventHandlerComponent: PlayMakerFixedUpdate

AddEventHandlerComponent: PlayMakerFixedUpdate

AddEventHandlerComponent: PlayMakerFixedUpdate

PlayOneShot was called with a null AudioClip.

AddEventHandlerComponent: PlayMakerFixedUpdate

PlayOneShot was called with a null AudioClip.

AddEventHandlerComponent: PlayMakerFixedUpdate

PlayOneShot was called with a null AudioClip.

AddEventHandlerComponent: PlayMakerFixedUpdate

PlayOneShot was called with a null AudioClip.

Couldn't find current scene object!

Object Pool attached to GlobalPool has run out of Audio Player NoDestroy prefabs, Instantiating an additional one.

AddEventHandlerComponent: PlayMakerCollisionEnter2D

AddEventHandlerComponent: PlayMakerFixedUpdate

AddEventHandlerComponent: PlayMakerFixedUpdate

AddEventHandlerComponent: PlayMakerFixedUpdate

Deferring level start (marked as manual).

Unloading 48 Unused Serialized files (Serialized files now loaded: 0)
AddEventHandlerComponent: PlayMakerFixedUpdate


Unloading 1088 unused Assets to reduce memory usage. Loaded Objects now: 59789.
Total: 482.654500 ms (FindLiveObjects: 8.720200 ms CreateObjectMapping: 6.670700 ms MarkObjects: 462.314000 ms  DeleteObjects: 4.947700 ms)

PlayOneShot was called with a null AudioClip.

AddEventHandlerComponent: PlayMakerFixedUpdate

AddEventHandlerComponent: PlayMakerFixedUpdate

AddEventHandlerComponent: PlayMakerFixedUpdate

AddEventHandlerComponent: PlayMakerFixedUpdate

AddEventHandlerComponent: PlayMakerFixedUpdate

AddEventHandlerComponent: PlayMakerFixedUpdate

AddEventHandlerComponent: PlayMakerFixedUpdate

AddEventHandlerComponent: PlayMakerFixedUpdate

AddEventHandlerComponent: PlayMakerFixedUpdate

AddEventHandlerComponent: PlayMakerFixedUpdate

AddEventHandlerComponent: PlayMakerFixedUpdate

AddEventHandlerComponent: PlayMakerFixedUpdate

Deferring level start (marked as manual).

AddEventHandlerComponent: PlayMakerFixedUpdate

Could not find FSM: health_manager_enemy

Object Pool attached to GlobalPool has run out of particle_orange blood prefabs, Instantiating an additional one.

PlayOneShot was called with a null AudioClip.

PlayOneShot was called with a null AudioClip.

Deferring level start (marked as manual).

PlayOneShot was called with a null AudioClip.

AddEventHandlerComponent: PlayMakerFixedUpdate

AddEventHandlerComponent: PlayMakerFixedUpdate

PlayOneShot was called with a null AudioClip.

PlayOneShot was called with a null AudioClip.

AddEventHandlerComponent: PlayMakerFixedUpdate

PlayOneShot was called with a null AudioClip.

AddEventHandlerComponent: PlayMakerFixedUpdate

PlayOneShot was called with a null AudioClip.

AddEventHandlerComponent: PlayMakerFixedUpdate

PlayOneShot was called with a null AudioClip.

AddEventHandlerComponent: PlayMakerFixedUpdate

AddEventHandlerComponent: PlayMakerFixedUpdate

AddEventHandlerComponent: PlayMakerFixedUpdate

AddEventHandlerComponent: PlayMakerFixedUpdate

AddEventHandlerComponent: PlayMakerFixedUpdate

AddEventHandlerComponent: PlayMakerFixedUpdate

AddEventHandlerComponent: PlayMakerFixedUpdate

AddEventHandlerComponent: PlayMakerFixedUpdate

AddEventHandlerComponent: PlayMakerFixedUpdate

AddEventHandlerComponent: PlayMakerFixedUpdate

AddEventHandlerComponent: PlayMakerFixedUpdate

AddEventHandlerComponent: PlayMakerFixedUpdate

AddEventHandlerComponent: PlayMakerFixedUpdate

AddEventHandlerComponent: PlayMakerFixedUpdate

AddEventHandlerComponent: PlayMakerFixedUpdate

AddEventHandlerComponent: PlayMakerFixedUpdate

AddEventHandlerComponent: PlayMakerFixedUpdate

AddEventHandlerComponent: PlayMakerFixedUpdate

AddEventHandlerComponent: PlayMakerFixedUpdate

AddEventHandlerComponent: PlayMakerFixedUpdate

AddEventHandlerComponent: PlayMakerFixedUpdate

AddEventHandlerComponent: PlayMakerFixedUpdate

AddEventHandlerComponent: PlayMakerFixedUpdate

AddEventHandlerComponent: PlayMakerFixedUpdate

AddEventHandlerComponent: PlayMakerFixedUpdate

AddEventHandlerComponent: PlayMakerFixedUpdate

AddEventHandlerComponent: PlayMakerFixedUpdate

AddEventHandlerComponent: PlayMakerFixedUpdate

AddEventHandlerComponent: PlayMakerFixedUpdate

AddEventHandlerComponent: PlayMakerFixedUpdate

AddEventHandlerComponent: PlayMakerFixedUpdate

AddEventHandlerComponent: PlayMakerFixedUpdate

AddEventHandlerComponent: PlayMakerFixedUpdate

AddEventHandlerComponent: PlayMakerFixedUpdate

AddEventHandlerComponent: PlayMakerFixedUpdate

AddEventHandlerComponent: PlayMakerFixedUpdate

AddEventHandlerComponent: PlayMakerFixedUpdate

AddEventHandlerComponent: PlayMakerFixedUpdate

AddEventHandlerComponent: PlayMakerFixedUpdate

AddEventHandlerComponent: PlayMakerFixedUpdate

AddEventHandlerComponent: PlayMakerFixedUpdate

AddEventHandlerComponent: PlayMakerFixedUpdate

AddEventHandlerComponent: PlayMakerFixedUpdate

AddEventHandlerComponent: PlayMakerFixedUpdate

AddEventHandlerComponent: PlayMakerFixedUpdate

AddEventHandlerComponent: PlayMakerFixedUpdate

AddEventHandlerComponent: PlayMakerFixedUpdate

AddEventHandlerComponent: PlayMakerFixedUpdate

AddEventHandlerComponent: PlayMakerFixedUpdate

AddEventHandlerComponent: PlayMakerFixedUpdate

AddEventHandlerComponent: PlayMakerFixedUpdate

AddEventHandlerComponent: PlayMakerFixedUpdate

AddEventHandlerComponent: PlayMakerFixedUpdate

AddEventHandlerComponent: PlayMakerFixedUpdate

AddEventHandlerComponent: PlayMakerFixedUpdate

AddEventHandlerComponent: PlayMakerFixedUpdate

AddEventHandlerComponent: PlayMakerFixedUpdate

AddEventHandlerComponent: PlayMakerFixedUpdate

AddEventHandlerComponent: PlayMakerFixedUpdate

AddEventHandlerComponent: PlayMakerFixedUpdate

AddEventHandlerComponent: PlayMakerFixedUpdate

AddEventHandlerComponent: PlayMakerFixedUpdate

AddEventHandlerComponent: PlayMakerFixedUpdate

AddEventHandlerComponent: PlayMakerFixedUpdate

AddEventHandlerComponent: PlayMakerFixedUpdate

AddEventHandlerComponent: PlayMakerFixedUpdate

AddEventHandlerComponent: PlayMakerFixedUpdate

AddEventHandlerComponent: PlayMakerFixedUpdate

AddEventHandlerComponent: PlayMakerFixedUpdate

AddEventHandlerComponent: PlayMakerFixedUpdate

PlayOneShot was called with a null AudioClip.

PlayOneShot was called with a null AudioClip.

Couldn't find current scene object!

Object Pool attached to GlobalPool has run out of Audio Player NoDestroy prefabs, Instantiating an additional one.

AddEventHandlerComponent: PlayMakerCollisionEnter2D

AddEventHandlerComponent: PlayMakerFixedUpdate

AddEventHandlerComponent: PlayMakerFixedUpdate

AddEventHandlerComponent: PlayMakerFixedUpdate

Deferring level start (marked as manual).

Unloading 48 Unused Serialized files (Serialized files now loaded: 0)
AddEventHandlerComponent: PlayMakerFixedUpdate


Unloading 1082 unused Assets to reduce memory usage. Loaded Objects now: 59947.
Total: 423.995800 ms (FindLiveObjects: 18.481200 ms CreateObjectMapping: 2.991000 ms MarkObjects: 395.781300 ms  DeleteObjects: 6.739300 ms)

PlayOneShot was called with a null AudioClip.

AddEventHandlerComponent: PlayMakerFixedUpdate

AddEventHandlerComponent: PlayMakerFixedUpdate

AddEventHandlerComponent: PlayMakerFixedUpdate

AddEventHandlerComponent: PlayMakerFixedUpdate

AddEventHandlerComponent: PlayMakerFixedUpdate

AddEventHandlerComponent: PlayMakerFixedUpdate

AddEventHandlerComponent: PlayMakerFixedUpdate

AddEventHandlerComponent: PlayMakerFixedUpdate

AddEventHandlerComponent: PlayMakerFixedUpdate

AddEventHandlerComponent: PlayMakerFixedUpdate

AddEventHandlerComponent: PlayMakerFixedUpdate

AddEventHandlerComponent: PlayMakerFixedUpdate

AddEventHandlerComponent: PlayMakerFixedUpdate

AddEventHandlerComponent: PlayMakerFixedUpdate

Deferring level start (marked as manual).

AddEventHandlerComponent: PlayMakerFixedUpdate

Could not find FSM: health_manager_enemy

PlayOneShot was called with a null AudioClip.

Couldn't find current scene object!

Object Pool attached to GlobalPool has run out of Audio Player NoDestroy prefabs, Instantiating an additional one.

AddEventHandlerComponent: PlayMakerCollisionEnter2D

AddEventHandlerComponent: PlayMakerFixedUpdate

AddEventHandlerComponent: PlayMakerFixedUpdate

AddEventHandlerComponent: PlayMakerFixedUpdate

Deferring level start (marked as manual).

Unloading 36 Unused Serialized files (Serialized files now loaded: 0)
AddEventHandlerComponent: PlayMakerFixedUpdate


Unloading 330 unused Assets to reduce memory usage. Loaded Objects now: 60001.
Total: 312.092700 ms (FindLiveObjects: 14.874900 ms CreateObjectMapping: 2.952200 ms MarkObjects: 292.339300 ms  DeleteObjects: 1.922600 ms)

PlayOneShot was called with a null AudioClip.

AddEventHandlerComponent: PlayMakerFixedUpdate

AddEventHandlerComponent: PlayMakerFixedUpdate

AddEventHandlerComponent: PlayMakerFixedUpdate

AddEventHandlerComponent: PlayMakerFixedUpdate

AddEventHandlerComponent: PlayMakerFixedUpdate

AddEventHandlerComponent: PlayMakerFixedUpdate

AddEventHandlerComponent: PlayMakerFixedUpdate

AddEventHandlerComponent: PlayMakerFixedUpdate

AddEventHandlerComponent: PlayMakerFixedUpdate

AddEventHandlerComponent: PlayMakerFixedUpdate

AddEventHandlerComponent: PlayMakerFixedUpdate

AddEventHandlerComponent: PlayMakerFixedUpdate

AddEventHandlerComponent: PlayMakerFixedUpdate

AddEventHandlerComponent: PlayMakerFixedUpdate

AddEventHandlerComponent: PlayMakerFixedUpdate

Deferring level start (marked as manual).

AddEventHandlerComponent: PlayMakerFixedUpdate

Could not find FSM: health_manager_enemy

PlayOneShot was called with a null AudioClip.

PlayOneShot was called with a null AudioClip.

Deferring level start (marked as manual).

PlayOneShot was called with a null AudioClip.

AddEventHandlerComponent: PlayMakerFixedUpdate

AddEventHandlerComponent: PlayMakerFixedUpdate

AddEventHandlerComponent: PlayMakerFixedUpdate

PlayOneShot was called with a null AudioClip.

AddEventHandlerComponent: PlayMakerFixedUpdate

PlayOneShot was called with a null AudioClip.

AddEventHandlerComponent: PlayMakerFixedUpdate

PlayOneShot was called with a null AudioClip.

AddEventHandlerComponent: PlayMakerFixedUpdate

AddEventHandlerComponent: PlayMakerFixedUpdate

AddEventHandlerComponent: PlayMakerFixedUpdate

AddEventHandlerComponent: PlayMakerFixedUpdate

AddEventHandlerComponent: PlayMakerFixedUpdate

AddEventHandlerComponent: PlayMakerFixedUpdate

AddEventHandlerComponent: PlayMakerFixedUpdate

AddEventHandlerComponent: PlayMakerFixedUpdate

AddEventHandlerComponent: PlayMakerFixedUpdate

AddEventHandlerComponent: PlayMakerFixedUpdate

AddEventHandlerComponent: PlayMakerFixedUpdate

AddEventHandlerComponent: PlayMakerFixedUpdate

AddEventHandlerComponent: PlayMakerFixedUpdate

AddEventHandlerComponent: PlayMakerFixedUpdate

AddEventHandlerComponent: PlayMakerFixedUpdate

AddEventHandlerComponent: PlayMakerFixedUpdate

AddEventHandlerComponent: PlayMakerFixedUpdate

AddEventHandlerComponent: PlayMakerFixedUpdate

AddEventHandlerComponent: PlayMakerFixedUpdate

AddEventHandlerComponent: PlayMakerFixedUpdate

AddEventHandlerComponent: PlayMakerFixedUpdate

AddEventHandlerComponent: PlayMakerFixedUpdate

AddEventHandlerComponent: PlayMakerFixedUpdate

AddEventHandlerComponent: PlayMakerFixedUpdate

AddEventHandlerComponent: PlayMakerFixedUpdate

AddEventHandlerComponent: PlayMakerFixedUpdate

AddEventHandlerComponent: PlayMakerFixedUpdate

AddEventHandlerComponent: PlayMakerFixedUpdate

AddEventHandlerComponent: PlayMakerFixedUpdate

AddEventHandlerComponent: PlayMakerFixedUpdate

AddEventHandlerComponent: PlayMakerFixedUpdate

AddEventHandlerComponent: PlayMakerFixedUpdate

AddEventHandlerComponent: PlayMakerFixedUpdate

AddEventHandlerComponent: PlayMakerFixedUpdate

AddEventHandlerComponent: PlayMakerFixedUpdate

AddEventHandlerComponent: PlayMakerFixedUpdate

AddEventHandlerComponent: PlayMakerFixedUpdate

AddEventHandlerComponent: PlayMakerFixedUpdate

AddEventHandlerComponent: PlayMakerFixedUpdate

AddEventHandlerComponent: PlayMakerFixedUpdate

AddEventHandlerComponent: PlayMakerFixedUpdate

AddEventHandlerComponent: PlayMakerFixedUpdate

AddEventHandlerComponent: PlayMakerFixedUpdate

AddEventHandlerComponent: PlayMakerFixedUpdate

AddEventHandlerComponent: PlayMakerFixedUpdate

AddEventHandlerComponent: PlayMakerFixedUpdate

AddEventHandlerComponent: PlayMakerFixedUpdate

AddEventHandlerComponent: PlayMakerFixedUpdate

AddEventHandlerComponent: PlayMakerFixedUpdate

AddEventHandlerComponent: PlayMakerFixedUpdate

AddEventHandlerComponent: PlayMakerFixedUpdate

AddEventHandlerComponent: PlayMakerFixedUpdate

AddEventHandlerComponent: PlayMakerFixedUpdate

AddEventHandlerComponent: PlayMakerFixedUpdate

AddEventHandlerComponent: PlayMakerFixedUpdate

AddEventHandlerComponent: PlayMakerFixedUpdate

AddEventHandlerComponent: PlayMakerFixedUpdate

AddEventHandlerComponent: PlayMakerFixedUpdate

AddEventHandlerComponent: PlayMakerFixedUpdate

AddEventHandlerComponent: PlayMakerFixedUpdate

AddEventHandlerComponent: PlayMakerFixedUpdate

AddEventHandlerComponent: PlayMakerFixedUpdate

AddEventHandlerComponent: PlayMakerFixedUpdate

AddEventHandlerComponent: PlayMakerFixedUpdate

AddEventHandlerComponent: PlayMakerFixedUpdate

PlayOneShot was called with a null AudioClip.

AddEventHandlerComponent: PlayMakerFixedUpdate

PlayOneShot was called with a null AudioClip.

AddEventHandlerComponent: PlayMakerFixedUpdate

PlayOneShot was called with a null AudioClip.

Couldn't find current scene object!

Object Pool attached to GlobalPool has run out of Audio Player NoDestroy prefabs, Instantiating an additional one.

AddEventHandlerComponent: PlayMakerCollisionEnter2D

AddEventHandlerComponent: PlayMakerFixedUpdate

AddEventHandlerComponent: PlayMakerFixedUpdate

AddEventHandlerComponent: PlayMakerFixedUpdate

Deferring level start (marked as manual).

Unloading 48 Unused Serialized files (Serialized files now loaded: 0)
AddEventHandlerComponent: PlayMakerFixedUpdate


Unloading 1073 unused Assets to reduce memory usage. Loaded Objects now: 60141.
Total: 397.495300 ms (FindLiveObjects: 15.618000 ms CreateObjectMapping: 2.939600 ms MarkObjects: 374.227100 ms  DeleteObjects: 4.708500 ms)

PlayOneShot was called with a null AudioClip.

AddEventHandlerComponent: PlayMakerFixedUpdate

AddEventHandlerComponent: PlayMakerFixedUpdate

AddEventHandlerComponent: PlayMakerFixedUpdate

AddEventHandlerComponent: PlayMakerFixedUpdate

AddEventHandlerComponent: PlayMakerFixedUpdate

AddEventHandlerComponent: PlayMakerFixedUpdate

AddEventHandlerComponent: PlayMakerFixedUpdate

AddEventHandlerComponent: PlayMakerFixedUpdate

AddEventHandlerComponent: PlayMakerFixedUpdate

AddEventHandlerComponent: PlayMakerFixedUpdate

AddEventHandlerComponent: PlayMakerFixedUpdate

AddEventHandlerComponent: PlayMakerFixedUpdate

AddEventHandlerComponent: PlayMakerFixedUpdate

AddEventHandlerComponent: PlayMakerFixedUpdate

AddEventHandlerComponent: PlayMakerFixedUpdate

Deferring level start (marked as manual).

AddEventHandlerComponent: PlayMakerFixedUpdate

AddEventHandlerComponent: PlayMakerFixedUpdate

Deferring level start (marked as manual).

Using fallback 1 to find tilemap. Scene Room_Final_Boss_atrium requires manual fixing.

Deferring level start (marked as manual).

AddEventHandlerComponent: PlayMakerFixedUpdate

Could not find FSM: health_manager_enemy

Object Pool attached to GlobalPool has run out of Run Effects prefabs, Instantiating an additional one.

PlayOneShot was called with a null AudioClip.

PlayOneShot was called with a null AudioClip.

Deferring level start (marked as manual).

PlayOneShot was called with a null AudioClip.

AddEventHandlerComponent: PlayMakerFixedUpdate

AddEventHandlerComponent: PlayMakerFixedUpdate

AddEventHandlerComponent: PlayMakerFixedUpdate

AddEventHandlerComponent: PlayMakerFixedUpdate

AddEventHandlerComponent: PlayMakerFixedUpdate

AddEventHandlerComponent: PlayMakerFixedUpdate

AddEventHandlerComponent: PlayMakerFixedUpdate

AddEventHandlerComponent: PlayMakerFixedUpdate

AddEventHandlerComponent: PlayMakerFixedUpdate

AddEventHandlerComponent: PlayMakerFixedUpdate

AddEventHandlerComponent: PlayMakerFixedUpdate

AddEventHandlerComponent: PlayMakerFixedUpdate

AddEventHandlerComponent: PlayMakerFixedUpdate

AddEventHandlerComponent: PlayMakerFixedUpdate

AddEventHandlerComponent: PlayMakerFixedUpdate

AddEventHandlerComponent: PlayMakerFixedUpdate

AddEventHandlerComponent: PlayMakerFixedUpdate

AddEventHandlerComponent: PlayMakerFixedUpdate

AddEventHandlerComponent: PlayMakerFixedUpdate

AddEventHandlerComponent: PlayMakerFixedUpdate

AddEventHandlerComponent: PlayMakerFixedUpdate

AddEventHandlerComponent: PlayMakerFixedUpdate

AddEventHandlerComponent: PlayMakerFixedUpdate

AddEventHandlerComponent: PlayMakerFixedUpdate

AddEventHandlerComponent: PlayMakerFixedUpdate

AddEventHandlerComponent: PlayMakerFixedUpdate

AddEventHandlerComponent: PlayMakerFixedUpdate

PlayOneShot was called with a null AudioClip.

AddEventHandlerComponent: PlayMakerFixedUpdate

PlayOneShot was called with a null AudioClip.

AddEventHandlerComponent: PlayMakerFixedUpdate

PlayOneShot was called with a null AudioClip.

PlayOneShot was called with a null AudioClip.

PlayOneShot was called with a null AudioClip.

AddEventHandlerComponent: PlayMakerFixedUpdate

AddEventHandlerComponent: PlayMakerFixedUpdate

AddEventHandlerComponent: PlayMakerFixedUpdate

AddEventHandlerComponent: PlayMakerFixedUpdate

AddEventHandlerComponent: PlayMakerFixedUpdate

AddEventHandlerComponent: PlayMakerFixedUpdate

AddEventHandlerComponent: PlayMakerFixedUpdate

AddEventHandlerComponent: PlayMakerFixedUpdate

AddEventHandlerComponent: PlayMakerFixedUpdate

AddEventHandlerComponent: PlayMakerFixedUpdate

AddEventHandlerComponent: PlayMakerFixedUpdate

AddEventHandlerComponent: PlayMakerFixedUpdate

AddEventHandlerComponent: PlayMakerFixedUpdate

AddEventHandlerComponent: PlayMakerFixedUpdate

AddEventHandlerComponent: PlayMakerFixedUpdate

AddEventHandlerComponent: PlayMakerFixedUpdate

AddEventHandlerComponent: PlayMakerFixedUpdate

AddEventHandlerComponent: PlayMakerFixedUpdate

AddEventHandlerComponent: PlayMakerFixedUpdate

AddEventHandlerComponent: PlayMakerFixedUpdate

AddEventHandlerComponent: PlayMakerFixedUpdate

AddEventHandlerComponent: PlayMakerFixedUpdate

AddEventHandlerComponent: PlayMakerFixedUpdate

AddEventHandlerComponent: PlayMakerFixedUpdate

AddEventHandlerComponent: PlayMakerFixedUpdate

AddEventHandlerComponent: PlayMakerFixedUpdate

AddEventHandlerComponent: PlayMakerFixedUpdate

AddEventHandlerComponent: PlayMakerFixedUpdate

AddEventHandlerComponent: PlayMakerFixedUpdate

AddEventHandlerComponent: PlayMakerFixedUpdate

AddEventHandlerComponent: PlayMakerFixedUpdate

AddEventHandlerComponent: PlayMakerFixedUpdate

AddEventHandlerComponent: PlayMakerFixedUpdate

AddEventHandlerComponent: PlayMakerFixedUpdate

AddEventHandlerComponent: PlayMakerFixedUpdate

AddEventHandlerComponent: PlayMakerFixedUpdate

AddEventHandlerComponent: PlayMakerFixedUpdate

AddEventHandlerComponent: PlayMakerFixedUpdate

AddEventHandlerComponent: PlayMakerFixedUpdate

AddEventHandlerComponent: PlayMakerFixedUpdate

AddEventHandlerComponent: PlayMakerFixedUpdate

AddEventHandlerComponent: PlayMakerFixedUpdate

AddEventHandlerComponent: PlayMakerFixedUpdate

AddEventHandlerComponent: PlayMakerFixedUpdate

AddEventHandlerComponent: PlayMakerFixedUpdate

AddEventHandlerComponent: PlayMakerFixedUpdate

PlayOneShot was called with a null AudioClip.

AddEventHandlerComponent: PlayMakerFixedUpdate

PlayOneShot was called with a null AudioClip.

AddEventHandlerComponent: PlayMakerFixedUpdate

PlayOneShot was called with a null AudioClip.

AddEventHandlerComponent: PlayMakerFixedUpdate

PlayOneShot was called with a null AudioClip.

PlayOneShot was called with a null AudioClip.

Couldn't find current scene object!

Object Pool attached to GlobalPool has run out of Audio Player NoDestroy prefabs, Instantiating an additional one.

AddEventHandlerComponent: PlayMakerCollisionEnter2D

AddEventHandlerComponent: PlayMakerFixedUpdate

PlayOneShot was called with a null AudioClip.

AddEventHandlerComponent: PlayMakerFixedUpdate

AddEventHandlerComponent: PlayMakerFixedUpdate

Deferring level start (marked as manual).

Unloading 48 Unused Serialized files (Serialized files now loaded: 0)
AddEventHandlerComponent: PlayMakerFixedUpdate


Unloading 1105 unused Assets to reduce memory usage. Loaded Objects now: 60962.
Total: 347.598100 ms (FindLiveObjects: 15.750000 ms CreateObjectMapping: 2.875500 ms MarkObjects: 324.097900 ms  DeleteObjects: 4.873000 ms)

PlayOneShot was called with a null AudioClip.

AddEventHandlerComponent: PlayMakerFixedUpdate

AddEventHandlerComponent: PlayMakerFixedUpdate

AddEventHandlerComponent: PlayMakerFixedUpdate

AddEventHandlerComponent: PlayMakerFixedUpdate

AddEventHandlerComponent: PlayMakerFixedUpdate

AddEventHandlerComponent: PlayMakerFixedUpdate

AddEventHandlerComponent: PlayMakerFixedUpdate

AddEventHandlerComponent: PlayMakerFixedUpdate

AddEventHandlerComponent: PlayMakerFixedUpdate

AddEventHandlerComponent: PlayMakerFixedUpdate

AddEventHandlerComponent: PlayMakerFixedUpdate

AddEventHandlerComponent: PlayMakerFixedUpdate

AddEventHandlerComponent: PlayMakerFixedUpdate

AddEventHandlerComponent: PlayMakerFixedUpdate

AddEventHandlerComponent: PlayMakerFixedUpdate

AddEventHandlerComponent: PlayMakerFixedUpdate

AddEventHandlerComponent: PlayMakerFixedUpdate

Deferring level start (marked as manual).

AddEventHandlerComponent: PlayMakerFixedUpdate

Could not find FSM: health_manager_enemy

Object Pool attached to GlobalPool has run out of Run Effects prefabs, Instantiating an additional one.

Object Pool attached to GlobalPool has run out of Run Effects prefabs, Instantiating an additional one.

PlayOneShot was called with a null AudioClip.

PlayOneShot was called with a null AudioClip.

Deferring level start (marked as manual).

PlayOneShot was called with a null AudioClip.

AddEventHandlerComponent: PlayMakerFixedUpdate

AddEventHandlerComponent: PlayMakerFixedUpdate

AddEventHandlerComponent: PlayMakerFixedUpdate

AddEventHandlerComponent: PlayMakerFixedUpdate

AddEventHandlerComponent: PlayMakerFixedUpdate

AddEventHandlerComponent: PlayMakerFixedUpdate

AddEventHandlerComponent: PlayMakerFixedUpdate

AddEventHandlerComponent: PlayMakerFixedUpdate

AddEventHandlerComponent: PlayMakerFixedUpdate

AddEventHandlerComponent: PlayMakerFixedUpdate

AddEventHandlerComponent: PlayMakerFixedUpdate

AddEventHandlerComponent: PlayMakerFixedUpdate

AddEventHandlerComponent: PlayMakerFixedUpdate

AddEventHandlerComponent: PlayMakerFixedUpdate

AddEventHandlerComponent: PlayMakerFixedUpdate

AddEventHandlerComponent: PlayMakerFixedUpdate

AddEventHandlerComponent: PlayMakerFixedUpdate

AddEventHandlerComponent: PlayMakerFixedUpdate

AddEventHandlerComponent: PlayMakerFixedUpdate

AddEventHandlerComponent: PlayMakerFixedUpdate

AddEventHandlerComponent: PlayMakerFixedUpdate

AddEventHandlerComponent: PlayMakerFixedUpdate

AddEventHandlerComponent: PlayMakerFixedUpdate

AddEventHandlerComponent: PlayMakerFixedUpdate

AddEventHandlerComponent: PlayMakerFixedUpdate

AddEventHandlerComponent: PlayMakerFixedUpdate

AddEventHandlerComponent: PlayMakerFixedUpdate

AddEventHandlerComponent: PlayMakerFixedUpdate

AddEventHandlerComponent: PlayMakerFixedUpdate

AddEventHandlerComponent: PlayMakerFixedUpdate

AddEventHandlerComponent: PlayMakerFixedUpdate

AddEventHandlerComponent: PlayMakerFixedUpdate

AddEventHandlerComponent: PlayMakerFixedUpdate

AddEventHandlerComponent: PlayMakerFixedUpdate

AddEventHandlerComponent: PlayMakerFixedUpdate

AddEventHandlerComponent: PlayMakerFixedUpdate

AddEventHandlerComponent: PlayMakerFixedUpdate

AddEventHandlerComponent: PlayMakerFixedUpdate

AddEventHandlerComponent: PlayMakerFixedUpdate

AddEventHandlerComponent: PlayMakerFixedUpdate

AddEventHandlerComponent: PlayMakerFixedUpdate

AddEventHandlerComponent: PlayMakerFixedUpdate

AddEventHandlerComponent: PlayMakerFixedUpdate

AddEventHandlerComponent: PlayMakerFixedUpdate

AddEventHandlerComponent: PlayMakerFixedUpdate

AddEventHandlerComponent: PlayMakerFixedUpdate

AddEventHandlerComponent: PlayMakerFixedUpdate

AddEventHandlerComponent: PlayMakerFixedUpdate

AddEventHandlerComponent: PlayMakerFixedUpdate

AddEventHandlerComponent: PlayMakerFixedUpdate

AddEventHandlerComponent: PlayMakerFixedUpdate

AddEventHandlerComponent: PlayMakerFixedUpdate

AddEventHandlerComponent: PlayMakerFixedUpdate

AddEventHandlerComponent: PlayMakerFixedUpdate

AddEventHandlerComponent: PlayMakerFixedUpdate

AddEventHandlerComponent: PlayMakerFixedUpdate

AddEventHandlerComponent: PlayMakerFixedUpdate

AddEventHandlerComponent: PlayMakerFixedUpdate

AddEventHandlerComponent: PlayMakerFixedUpdate

AddEventHandlerComponent: PlayMakerFixedUpdate

AddEventHandlerComponent: PlayMakerFixedUpdate

AddEventHandlerComponent: PlayMakerFixedUpdate

AddEventHandlerComponent: PlayMakerFixedUpdate

AddEventHandlerComponent: PlayMakerFixedUpdate

AddEventHandlerComponent: PlayMakerFixedUpdate

AddEventHandlerComponent: PlayMakerFixedUpdate

AddEventHandlerComponent: PlayMakerFixedUpdate

AddEventHandlerComponent: PlayMakerFixedUpdate

AddEventHandlerComponent: PlayMakerFixedUpdate

AddEventHandlerComponent: PlayMakerFixedUpdate

AddEventHandlerComponent: PlayMakerFixedUpdate

AddEventHandlerComponent: PlayMakerFixedUpdate

PlayOneShot was called with a null AudioClip.

AddEventHandlerComponent: PlayMakerFixedUpdate

PlayOneShot was called with a null AudioClip.

AddEventHandlerComponent: PlayMakerFixedUpdate

PlayOneShot was called with a null AudioClip.

AddEventHandlerComponent: PlayMakerFixedUpdate

PlayOneShot was called with a null AudioClip.

PlayOneShot was called with a null AudioClip.

PlayOneShot was called with a null AudioClip.

AddEventHandlerComponent: PlayMakerFixedUpdate

PlayOneShot was called with a null AudioClip.

AddEventHandlerComponent: PlayMakerFixedUpdate

PlayOneShot was called with a null AudioClip.

AddEventHandlerComponent: PlayMakerFixedUpdate

PlayOneShot was called with a null AudioClip.

AddEventHandlerComponent: PlayMakerFixedUpdate

PlayOneShot was called with a null AudioClip.

AddEventHandlerComponent: PlayMakerFixedUpdate

PlayOneShot was called with a null AudioClip.

AddEventHandlerComponent: PlayMakerFixedUpdate

PlayOneShot was called with a null AudioClip.

PlayOneShot was called with a null AudioClip.

AddEventHandlerComponent: PlayMakerFixedUpdate

PlayOneShot was called with a null AudioClip.

PlayOneShot was called with a null AudioClip.

PlayOneShot was called with a null AudioClip.

PlayOneShot was called with a null AudioClip.

PlayOneShot was called with a null AudioClip.

PlayOneShot was called with a null AudioClip.

PlayOneShot was called with a null AudioClip.

Object Pool attached to GlobalPool has run out of Slash Effect Ghost1 prefabs, Instantiating an additional one.

PlayOneShot was called with a null AudioClip.

PlayOneShot was called with a null AudioClip.

PlayOneShot was called with a null AudioClip.

PlayOneShot was called with a null AudioClip.

Couldn't find current scene object!

Object Pool attached to GlobalPool has run out of Audio Player NoDestroy prefabs, Instantiating an additional one.

PlayOneShot was called with a null AudioClip.

AddEventHandlerComponent: PlayMakerCollisionEnter2D

AddEventHandlerComponent: PlayMakerFixedUpdate

PlayOneShot was called with a null AudioClip.

PlayOneShot was called with a null AudioClip.

AddEventHandlerComponent: PlayMakerFixedUpdate

AddEventHandlerComponent: PlayMakerFixedUpdate

Deferring level start (marked as manual).

Unloading 48 Unused Serialized files (Serialized files now loaded: 0)
AddEventHandlerComponent: PlayMakerFixedUpdate


Unloading 1100 unused Assets to reduce memory usage. Loaded Objects now: 61169.
Total: 353.092500 ms (FindLiveObjects: 16.067300 ms CreateObjectMapping: 2.895700 ms MarkObjects: 329.310700 ms  DeleteObjects: 4.816900 ms)

PlayOneShot was called with a null AudioClip.

AddEventHandlerComponent: PlayMakerFixedUpdate

AddEventHandlerComponent: PlayMakerFixedUpdate

AddEventHandlerComponent: PlayMakerFixedUpdate

AddEventHandlerComponent: PlayMakerFixedUpdate

AddEventHandlerComponent: PlayMakerFixedUpdate

AddEventHandlerComponent: PlayMakerFixedUpdate

AddEventHandlerComponent: PlayMakerFixedUpdate

AddEventHandlerComponent: PlayMakerFixedUpdate

AddEventHandlerComponent: PlayMakerFixedUpdate

AddEventHandlerComponent: PlayMakerFixedUpdate

AddEventHandlerComponent: PlayMakerFixedUpdate

Deferring level start (marked as manual).

AddEventHandlerComponent: PlayMakerFixedUpdate

PlayOneShot was called with a null AudioClip.

PlayOneShot was called with a null AudioClip.

Deferring level start (marked as manual).

PlayOneShot was called with a null AudioClip.

AddEventHandlerComponent: PlayMakerFixedUpdate

AddEventHandlerComponent: PlayMakerFixedUpdate

AddEventHandlerComponent: PlayMakerFixedUpdate

PlayOneShot was called with a null AudioClip.

AddEventHandlerComponent: PlayMakerFixedUpdate

PlayOneShot was called with a null AudioClip.

AddEventHandlerComponent: PlayMakerFixedUpdate

PlayOneShot was called with a null AudioClip.

PlayOneShot was called with a null AudioClip.

AddEventHandlerComponent: PlayMakerFixedUpdate

PlayOneShot was called with a null AudioClip.

AddEventHandlerComponent: PlayMakerFixedUpdate

PlayOneShot was called with a null AudioClip.

AddEventHandlerComponent: PlayMakerFixedUpdate

PlayOneShot was called with a null AudioClip.

AddEventHandlerComponent: PlayMakerFixedUpdate

AddEventHandlerComponent: PlayMakerFixedUpdate

AddEventHandlerComponent: PlayMakerFixedUpdate

AddEventHandlerComponent: PlayMakerFixedUpdate

AddEventHandlerComponent: PlayMakerFixedUpdate

AddEventHandlerComponent: PlayMakerFixedUpdate

AddEventHandlerComponent: PlayMakerFixedUpdate

AddEventHandlerComponent: PlayMakerFixedUpdate

AddEventHandlerComponent: PlayMakerFixedUpdate

AddEventHandlerComponent: PlayMakerFixedUpdate

AddEventHandlerComponent: PlayMakerFixedUpdate

AddEventHandlerComponent: PlayMakerFixedUpdate

AddEventHandlerComponent: PlayMakerFixedUpdate

AddEventHandlerComponent: PlayMakerFixedUpdate

AddEventHandlerComponent: PlayMakerFixedUpdate

AddEventHandlerComponent: PlayMakerFixedUpdate

AddEventHandlerComponent: PlayMakerFixedUpdate

AddEventHandlerComponent: PlayMakerFixedUpdate

AddEventHandlerComponent: PlayMakerFixedUpdate

AddEventHandlerComponent: PlayMakerFixedUpdate

AddEventHandlerComponent: PlayMakerFixedUpdate

AddEventHandlerComponent: PlayMakerFixedUpdate

AddEventHandlerComponent: PlayMakerFixedUpdate

AddEventHandlerComponent: PlayMakerFixedUpdate

AddEventHandlerComponent: PlayMakerFixedUpdate

AddEventHandlerComponent: PlayMakerFixedUpdate

AddEventHandlerComponent: PlayMakerFixedUpdate

AddEventHandlerComponent: PlayMakerFixedUpdate

AddEventHandlerComponent: PlayMakerFixedUpdate

AddEventHandlerComponent: PlayMakerFixedUpdate

AddEventHandlerComponent: PlayMakerFixedUpdate

AddEventHandlerComponent: PlayMakerFixedUpdate

AddEventHandlerComponent: PlayMakerFixedUpdate

AddEventHandlerComponent: PlayMakerFixedUpdate

AddEventHandlerComponent: PlayMakerFixedUpdate

AddEventHandlerComponent: PlayMakerFixedUpdate

AddEventHandlerComponent: PlayMakerFixedUpdate

AddEventHandlerComponent: PlayMakerFixedUpdate

AddEventHandlerComponent: PlayMakerFixedUpdate

AddEventHandlerComponent: PlayMakerFixedUpdate

AddEventHandlerComponent: PlayMakerFixedUpdate

AddEventHandlerComponent: PlayMakerFixedUpdate

AddEventHandlerComponent: PlayMakerFixedUpdate

AddEventHandlerComponent: PlayMakerFixedUpdate

AddEventHandlerComponent: PlayMakerFixedUpdate

AddEventHandlerComponent: PlayMakerFixedUpdate

AddEventHandlerComponent: PlayMakerFixedUpdate

AddEventHandlerComponent: PlayMakerFixedUpdate

AddEventHandlerComponent: PlayMakerFixedUpdate

AddEventHandlerComponent: PlayMakerFixedUpdate

AddEventHandlerComponent: PlayMakerFixedUpdate

AddEventHandlerComponent: PlayMakerFixedUpdate

AddEventHandlerComponent: PlayMakerFixedUpdate

AddEventHandlerComponent: PlayMakerFixedUpdate

AddEventHandlerComponent: PlayMakerFixedUpdate

AddEventHandlerComponent: PlayMakerFixedUpdate

AddEventHandlerComponent: PlayMakerFixedUpdate

AddEventHandlerComponent: PlayMakerFixedUpdate

AddEventHandlerComponent: PlayMakerFixedUpdate

AddEventHandlerComponent: PlayMakerFixedUpdate

AddEventHandlerComponent: PlayMakerFixedUpdate

AddEventHandlerComponent: PlayMakerFixedUpdate

AddEventHandlerComponent: PlayMakerFixedUpdate

AddEventHandlerComponent: PlayMakerFixedUpdate

AddEventHandlerComponent: PlayMakerFixedUpdate

AddEventHandlerComponent: PlayMakerFixedUpdate

AddEventHandlerComponent: PlayMakerFixedUpdate

AddEventHandlerComponent: PlayMakerFixedUpdate

AddEventHandlerComponent: PlayMakerFixedUpdate

AddEventHandlerComponent: PlayMakerFixedUpdate

AddEventHandlerComponent: PlayMakerFixedUpdate

PlayOneShot was called with a null AudioClip.

AddEventHandlerComponent: PlayMakerFixedUpdate

PlayOneShot was called with a null AudioClip.

AddEventHandlerComponent: PlayMakerFixedUpdate

PlayOneShot was called with a null AudioClip.

PlayOneShot was called with a null AudioClip.

PlayOneShot was called with a null AudioClip.

AddEventHandlerComponent: PlayMakerFixedUpdate

PlayOneShot was called with a null AudioClip.

PlayOneShot was called with a null AudioClip.

PlayOneShot was called with a null AudioClip.

PlayOneShot was called with a null AudioClip.

PlayOneShot was called with a null AudioClip.

PlayOneShot was called with a null AudioClip.

PlayOneShot was called with a null AudioClip.

PlayOneShot was called with a null AudioClip.

PlayOneShot was called with a null AudioClip.

PlayOneShot was called with a null AudioClip.

PlayOneShot was called with a null AudioClip.

Couldn't find current scene object!

Object Pool attached to GlobalPool has run out of Audio Player NoDestroy prefabs, Instantiating an additional one.

AddEventHandlerComponent: PlayMakerCollisionEnter2D

AddEventHandlerComponent: PlayMakerFixedUpdate

AddEventHandlerComponent: PlayMakerFixedUpdate

AddEventHandlerComponent: PlayMakerFixedUpdate

Deferring level start (marked as manual).

Unloading 48 Unused Serialized files (Serialized files now loaded: 0)
AddEventHandlerComponent: PlayMakerFixedUpdate


Unloading 1103 unused Assets to reduce memory usage. Loaded Objects now: 61317.
Total: 354.938800 ms (FindLiveObjects: 16.531900 ms CreateObjectMapping: 2.660600 ms MarkObjects: 330.893900 ms  DeleteObjects: 4.850300 ms)

PlayOneShot was called with a null AudioClip.

AddEventHandlerComponent: PlayMakerFixedUpdate

AddEventHandlerComponent: PlayMakerFixedUpdate

AddEventHandlerComponent: PlayMakerFixedUpdate

AddEventHandlerComponent: PlayMakerFixedUpdate

AddEventHandlerComponent: PlayMakerFixedUpdate

AddEventHandlerComponent: PlayMakerFixedUpdate

AddEventHandlerComponent: PlayMakerFixedUpdate

AddEventHandlerComponent: PlayMakerFixedUpdate

AddEventHandlerComponent: PlayMakerFixedUpdate

AddEventHandlerComponent: PlayMakerFixedUpdate

AddEventHandlerComponent: PlayMakerFixedUpdate

AddEventHandlerComponent: PlayMakerFixedUpdate

AddEventHandlerComponent: PlayMakerFixedUpdate

AddEventHandlerComponent: PlayMakerFixedUpdate

Deferring level start (marked as manual).

AddEventHandlerComponent: PlayMakerFixedUpdate

Could not find FSM: health_manager_enemy

PlayOneShot was called with a null AudioClip.

PlayOneShot was called with a null AudioClip.

PlayOneShot was called with a null AudioClip.

Deferring level start (marked as manual).

PlayOneShot was called with a null AudioClip.

AddEventHandlerComponent: PlayMakerFixedUpdate

AddEventHandlerComponent: PlayMakerFixedUpdate

AddEventHandlerComponent: PlayMakerFixedUpdate

AddEventHandlerComponent: PlayMakerFixedUpdate

AddEventHandlerComponent: PlayMakerFixedUpdate

AddEventHandlerComponent: PlayMakerFixedUpdate

AddEventHandlerComponent: PlayMakerFixedUpdate

AddEventHandlerComponent: PlayMakerFixedUpdate

AddEventHandlerComponent: PlayMakerFixedUpdate

AddEventHandlerComponent: PlayMakerFixedUpdate

AddEventHandlerComponent: PlayMakerFixedUpdate

AddEventHandlerComponent: PlayMakerFixedUpdate

AddEventHandlerComponent: PlayMakerFixedUpdate

AddEventHandlerComponent: PlayMakerFixedUpdate

AddEventHandlerComponent: PlayMakerFixedUpdate

AddEventHandlerComponent: PlayMakerFixedUpdate

AddEventHandlerComponent: PlayMakerFixedUpdate

AddEventHandlerComponent: PlayMakerFixedUpdate

AddEventHandlerComponent: PlayMakerFixedUpdate

AddEventHandlerComponent: PlayMakerFixedUpdate

AddEventHandlerComponent: PlayMakerFixedUpdate

AddEventHandlerComponent: PlayMakerFixedUpdate

AddEventHandlerComponent: PlayMakerFixedUpdate

AddEventHandlerComponent: PlayMakerFixedUpdate

AddEventHandlerComponent: PlayMakerFixedUpdate

AddEventHandlerComponent: PlayMakerFixedUpdate

AddEventHandlerComponent: PlayMakerFixedUpdate

AddEventHandlerComponent: PlayMakerFixedUpdate

AddEventHandlerComponent: PlayMakerFixedUpdate

AddEventHandlerComponent: PlayMakerFixedUpdate

AddEventHandlerComponent: PlayMakerFixedUpdate

AddEventHandlerComponent: PlayMakerFixedUpdate

AddEventHandlerComponent: PlayMakerFixedUpdate

AddEventHandlerComponent: PlayMakerFixedUpdate

AddEventHandlerComponent: PlayMakerFixedUpdate

AddEventHandlerComponent: PlayMakerFixedUpdate

AddEventHandlerComponent: PlayMakerFixedUpdate

AddEventHandlerComponent: PlayMakerFixedUpdate

AddEventHandlerComponent: PlayMakerFixedUpdate

AddEventHandlerComponent: PlayMakerFixedUpdate

AddEventHandlerComponent: PlayMakerFixedUpdate

AddEventHandlerComponent: PlayMakerFixedUpdate

AddEventHandlerComponent: PlayMakerFixedUpdate

AddEventHandlerComponent: PlayMakerFixedUpdate

AddEventHandlerComponent: PlayMakerFixedUpdate

AddEventHandlerComponent: PlayMakerFixedUpdate

AddEventHandlerComponent: PlayMakerFixedUpdate

AddEventHandlerComponent: PlayMakerFixedUpdate

AddEventHandlerComponent: PlayMakerFixedUpdate

AddEventHandlerComponent: PlayMakerFixedUpdate

AddEventHandlerComponent: PlayMakerFixedUpdate

AddEventHandlerComponent: PlayMakerFixedUpdate

AddEventHandlerComponent: PlayMakerFixedUpdate

AddEventHandlerComponent: PlayMakerFixedUpdate

AddEventHandlerComponent: PlayMakerFixedUpdate

AddEventHandlerComponent: PlayMakerFixedUpdate

AddEventHandlerComponent: PlayMakerFixedUpdate

AddEventHandlerComponent: PlayMakerFixedUpdate

AddEventHandlerComponent: PlayMakerFixedUpdate

AddEventHandlerComponent: PlayMakerFixedUpdate

AddEventHandlerComponent: PlayMakerFixedUpdate

AddEventHandlerComponent: PlayMakerFixedUpdate

AddEventHandlerComponent: PlayMakerFixedUpdate

AddEventHandlerComponent: PlayMakerFixedUpdate

AddEventHandlerComponent: PlayMakerFixedUpdate

AddEventHandlerComponent: PlayMakerFixedUpdate

AddEventHandlerComponent: PlayMakerFixedUpdate

PlayOneShot was called with a null AudioClip.

AddEventHandlerComponent: PlayMakerFixedUpdate

PlayOneShot was called with a null AudioClip.

AddEventHandlerComponent: PlayMakerFixedUpdate

PlayOneShot was called with a null AudioClip.

AddEventHandlerComponent: PlayMakerFixedUpdate

AddEventHandlerComponent: PlayMakerFixedUpdate

AddEventHandlerComponent: PlayMakerFixedUpdate

AddEventHandlerComponent: PlayMakerFixedUpdate

AddEventHandlerComponent: PlayMakerFixedUpdate

AddEventHandlerComponent: PlayMakerFixedUpdate

AddEventHandlerComponent: PlayMakerFixedUpdate

PlayOneShot was called with a null AudioClip.

AddEventHandlerComponent: PlayMakerFixedUpdate

PlayOneShot was called with a null AudioClip.

AddEventHandlerComponent: PlayMakerFixedUpdate

PlayOneShot was called with a null AudioClip.

PlayOneShot was called with a null AudioClip.

AddEventHandlerComponent: PlayMakerFixedUpdate

PlayOneShot was called with a null AudioClip.

AddEventHandlerComponent: PlayMakerFixedUpdate

PlayOneShot was called with a null AudioClip.

AddEventHandlerComponent: PlayMakerFixedUpdate

PlayOneShot was called with a null AudioClip.

AddEventHandlerComponent: PlayMakerFixedUpdate

PlayOneShot was called with a null AudioClip.

PlayOneShot was called with a null AudioClip.

PlayOneShot was called with a null AudioClip.

PlayOneShot was called with a null AudioClip.

Couldn't find current scene object!

Object Pool attached to GlobalPool has run out of Audio Player NoDestroy prefabs, Instantiating an additional one.

AddEventHandlerComponent: PlayMakerCollisionEnter2D

AddEventHandlerComponent: PlayMakerFixedUpdate

AddEventHandlerComponent: PlayMakerFixedUpdate

AddEventHandlerComponent: PlayMakerFixedUpdate

Deferring level start (marked as manual).

Unloading 48 Unused Serialized files (Serialized files now loaded: 0)
AddEventHandlerComponent: PlayMakerFixedUpdate


Unloading 1088 unused Assets to reduce memory usage. Loaded Objects now: 61493.
Total: 560.547300 ms (FindLiveObjects: 18.817900 ms CreateObjectMapping: 2.839300 ms MarkObjects: 533.871400 ms  DeleteObjects: 5.016400 ms)

PlayOneShot was called with a null AudioClip.

AddEventHandlerComponent: PlayMakerFixedUpdate

AddEventHandlerComponent: PlayMakerFixedUpdate

AddEventHandlerComponent: PlayMakerFixedUpdate

AddEventHandlerComponent: PlayMakerFixedUpdate

AddEventHandlerComponent: PlayMakerFixedUpdate

AddEventHandlerComponent: PlayMakerFixedUpdate

AddEventHandlerComponent: PlayMakerFixedUpdate

AddEventHandlerComponent: PlayMakerFixedUpdate

AddEventHandlerComponent: PlayMakerFixedUpdate

AddEventHandlerComponent: PlayMakerFixedUpdate

AddEventHandlerComponent: PlayMakerFixedUpdate

AddEventHandlerComponent: PlayMakerFixedUpdate

AddEventHandlerComponent: PlayMakerFixedUpdate

AddEventHandlerComponent: PlayMakerFixedUpdate

Deferring level start (marked as manual).

AddEventHandlerComponent: PlayMakerFixedUpdate

Could not find FSM: health_manager_enemy

PlayOneShot was called with a null AudioClip.

PlayOneShot was called with a null AudioClip.

Deferring level start (marked as manual).

PlayOneShot was called with a null AudioClip.

AddEventHandlerComponent: PlayMakerFixedUpdate

AddEventHandlerComponent: PlayMakerFixedUpdate

PlayOneShot was called with a null AudioClip.

AddEventHandlerComponent: PlayMakerFixedUpdate

AddEventHandlerComponent: PlayMakerFixedUpdate

AddEventHandlerComponent: PlayMakerFixedUpdate

AddEventHandlerComponent: PlayMakerFixedUpdate

AddEventHandlerComponent: PlayMakerFixedUpdate

AddEventHandlerComponent: PlayMakerFixedUpdate

AddEventHandlerComponent: PlayMakerFixedUpdate

AddEventHandlerComponent: PlayMakerFixedUpdate

AddEventHandlerComponent: PlayMakerFixedUpdate

AddEventHandlerComponent: PlayMakerFixedUpdate

AddEventHandlerComponent: PlayMakerFixedUpdate

AddEventHandlerComponent: PlayMakerFixedUpdate

AddEventHandlerComponent: PlayMakerFixedUpdate

AddEventHandlerComponent: PlayMakerFixedUpdate

AddEventHandlerComponent: PlayMakerFixedUpdate

AddEventHandlerComponent: PlayMakerFixedUpdate

AddEventHandlerComponent: PlayMakerFixedUpdate

AddEventHandlerComponent: PlayMakerFixedUpdate

AddEventHandlerComponent: PlayMakerFixedUpdate

AddEventHandlerComponent: PlayMakerFixedUpdate

AddEventHandlerComponent: PlayMakerFixedUpdate

AddEventHandlerComponent: PlayMakerFixedUpdate

AddEventHandlerComponent: PlayMakerFixedUpdate

AddEventHandlerComponent: PlayMakerFixedUpdate

AddEventHandlerComponent: PlayMakerFixedUpdate

AddEventHandlerComponent: PlayMakerFixedUpdate

AddEventHandlerComponent: PlayMakerFixedUpdate

AddEventHandlerComponent: PlayMakerFixedUpdate

AddEventHandlerComponent: PlayMakerFixedUpdate

AddEventHandlerComponent: PlayMakerFixedUpdate

AddEventHandlerComponent: PlayMakerFixedUpdate

AddEventHandlerComponent: PlayMakerFixedUpdate

AddEventHandlerComponent: PlayMakerFixedUpdate

AddEventHandlerComponent: PlayMakerFixedUpdate

AddEventHandlerComponent: PlayMakerFixedUpdate

AddEventHandlerComponent: PlayMakerFixedUpdate

AddEventHandlerComponent: PlayMakerFixedUpdate

AddEventHandlerComponent: PlayMakerFixedUpdate

AddEventHandlerComponent: PlayMakerFixedUpdate

AddEventHandlerComponent: PlayMakerFixedUpdate

AddEventHandlerComponent: PlayMakerFixedUpdate

AddEventHandlerComponent: PlayMakerFixedUpdate

AddEventHandlerComponent: PlayMakerFixedUpdate

AddEventHandlerComponent: PlayMakerFixedUpdate

AddEventHandlerComponent: PlayMakerFixedUpdate

AddEventHandlerComponent: PlayMakerFixedUpdate

AddEventHandlerComponent: PlayMakerFixedUpdate

AddEventHandlerComponent: PlayMakerFixedUpdate

AddEventHandlerComponent: PlayMakerFixedUpdate

AddEventHandlerComponent: PlayMakerFixedUpdate

AddEventHandlerComponent: PlayMakerFixedUpdate

AddEventHandlerComponent: PlayMakerFixedUpdate

AddEventHandlerComponent: PlayMakerFixedUpdate

AddEventHandlerComponent: PlayMakerFixedUpdate

AddEventHandlerComponent: PlayMakerFixedUpdate

AddEventHandlerComponent: PlayMakerFixedUpdate

AddEventHandlerComponent: PlayMakerFixedUpdate

AddEventHandlerComponent: PlayMakerFixedUpdate

AddEventHandlerComponent: PlayMakerFixedUpdate

AddEventHandlerComponent: PlayMakerFixedUpdate

AddEventHandlerComponent: PlayMakerFixedUpdate

AddEventHandlerComponent: PlayMakerFixedUpdate

AddEventHandlerComponent: PlayMakerFixedUpdate

AddEventHandlerComponent: PlayMakerFixedUpdate

AddEventHandlerComponent: PlayMakerFixedUpdate

AddEventHandlerComponent: PlayMakerFixedUpdate

AddEventHandlerComponent: PlayMakerFixedUpdate

AddEventHandlerComponent: PlayMakerFixedUpdate

AddEventHandlerComponent: PlayMakerFixedUpdate

AddEventHandlerComponent: PlayMakerFixedUpdate

AddEventHandlerComponent: PlayMakerFixedUpdate

PlayOneShot was called with a null AudioClip.

AddEventHandlerComponent: PlayMakerFixedUpdate

PlayOneShot was called with a null AudioClip.

AddEventHandlerComponent: PlayMakerFixedUpdate

PlayOneShot was called with a null AudioClip.

PlayOneShot was called with a null AudioClip.

AddEventHandlerComponent: PlayMakerFixedUpdate

PlayOneShot was called with a null AudioClip.

AddEventHandlerComponent: PlayMakerFixedUpdate

PlayOneShot was called with a null AudioClip.

AddEventHandlerComponent: PlayMakerFixedUpdate

PlayOneShot was called with a null AudioClip.

PlayOneShot was called with a null AudioClip.

AddEventHandlerComponent: PlayMakerFixedUpdate

PlayOneShot was called with a null AudioClip.

AddEventHandlerComponent: PlayMakerFixedUpdate

PlayOneShot was called with a null AudioClip.

AddEventHandlerComponent: PlayMakerFixedUpdate

PlayOneShot was called with a null AudioClip.

AddEventHandlerComponent: PlayMakerFixedUpdate

PlayOneShot was called with a null AudioClip.

PlayOneShot was called with a null AudioClip.

PlayOneShot was called with a null AudioClip.

PlayOneShot was called with a null AudioClip.

PlayOneShot was called with a null AudioClip.

PlayOneShot was called with a null AudioClip.

PlayOneShot was called with a null AudioClip.

PlayOneShot was called with a null AudioClip.

PlayOneShot was called with a null AudioClip.

PlayOneShot was called with a null AudioClip.

PlayOneShot was called with a null AudioClip.

PlayOneShot was called with a null AudioClip.

Couldn't find current scene object!

Object Pool attached to GlobalPool has run out of Audio Player NoDestroy prefabs, Instantiating an additional one.

AddEventHandlerComponent: PlayMakerCollisionEnter2D

AddEventHandlerComponent: PlayMakerFixedUpdate

AddEventHandlerComponent: PlayMakerFixedUpdate

AddEventHandlerComponent: PlayMakerFixedUpdate

Deferring level start (marked as manual).

Unloading 48 Unused Serialized files (Serialized files now loaded: 0)
AddEventHandlerComponent: PlayMakerFixedUpdate


Unloading 1091 unused Assets to reduce memory usage. Loaded Objects now: 61631.
Total: 536.531100 ms (FindLiveObjects: 16.270400 ms CreateObjectMapping: 2.884200 ms MarkObjects: 512.394400 ms  DeleteObjects: 4.980400 ms)

PlayOneShot was called with a null AudioClip.

AddEventHandlerComponent: PlayMakerFixedUpdate

AddEventHandlerComponent: PlayMakerFixedUpdate

AddEventHandlerComponent: PlayMakerFixedUpdate

AddEventHandlerComponent: PlayMakerFixedUpdate

AddEventHandlerComponent: PlayMakerFixedUpdate

AddEventHandlerComponent: PlayMakerFixedUpdate

AddEventHandlerComponent: PlayMakerFixedUpdate

AddEventHandlerComponent: PlayMakerFixedUpdate

AddEventHandlerComponent: PlayMakerFixedUpdate

AddEventHandlerComponent: PlayMakerFixedUpdate

AddEventHandlerComponent: PlayMakerFixedUpdate

AddEventHandlerComponent: PlayMakerFixedUpdate

AddEventHandlerComponent: PlayMakerFixedUpdate

Deferring level start (marked as manual).

AddEventHandlerComponent: PlayMakerFixedUpdate

Could not find FSM: health_manager_enemy

PlayOneShot was called with a null AudioClip.

PlayOneShot was called with a null AudioClip.

PlayOneShot was called with a null AudioClip.

Deferring level start (marked as manual).

PlayOneShot was called with a null AudioClip.

AddEventHandlerComponent: PlayMakerFixedUpdate

AddEventHandlerComponent: PlayMakerFixedUpdate

AddEventHandlerComponent: PlayMakerFixedUpdate

PlayOneShot was called with a null AudioClip.

AddEventHandlerComponent: PlayMakerFixedUpdate

PlayOneShot was called with a null AudioClip.

AddEventHandlerComponent: PlayMakerFixedUpdate

PlayOneShot was called with a null AudioClip.

AddEventHandlerComponent: PlayMakerFixedUpdate

AddEventHandlerComponent: PlayMakerFixedUpdate

AddEventHandlerComponent: PlayMakerFixedUpdate

AddEventHandlerComponent: PlayMakerFixedUpdate

AddEventHandlerComponent: PlayMakerFixedUpdate

AddEventHandlerComponent: PlayMakerFixedUpdate

AddEventHandlerComponent: PlayMakerFixedUpdate

AddEventHandlerComponent: PlayMakerFixedUpdate

AddEventHandlerComponent: PlayMakerFixedUpdate

AddEventHandlerComponent: PlayMakerFixedUpdate

AddEventHandlerComponent: PlayMakerFixedUpdate

AddEventHandlerComponent: PlayMakerFixedUpdate

AddEventHandlerComponent: PlayMakerFixedUpdate

AddEventHandlerComponent: PlayMakerFixedUpdate

AddEventHandlerComponent: PlayMakerFixedUpdate

AddEventHandlerComponent: PlayMakerFixedUpdate

AddEventHandlerComponent: PlayMakerFixedUpdate

AddEventHandlerComponent: PlayMakerFixedUpdate

AddEventHandlerComponent: PlayMakerFixedUpdate

AddEventHandlerComponent: PlayMakerFixedUpdate

AddEventHandlerComponent: PlayMakerFixedUpdate

AddEventHandlerComponent: PlayMakerFixedUpdate

AddEventHandlerComponent: PlayMakerFixedUpdate

AddEventHandlerComponent: PlayMakerFixedUpdate

AddEventHandlerComponent: PlayMakerFixedUpdate

AddEventHandlerComponent: PlayMakerFixedUpdate

AddEventHandlerComponent: PlayMakerFixedUpdate

AddEventHandlerComponent: PlayMakerFixedUpdate

AddEventHandlerComponent: PlayMakerFixedUpdate

AddEventHandlerComponent: PlayMakerFixedUpdate

AddEventHandlerComponent: PlayMakerFixedUpdate

AddEventHandlerComponent: PlayMakerFixedUpdate

AddEventHandlerComponent: PlayMakerFixedUpdate

AddEventHandlerComponent: PlayMakerFixedUpdate

AddEventHandlerComponent: PlayMakerFixedUpdate

AddEventHandlerComponent: PlayMakerFixedUpdate

AddEventHandlerComponent: PlayMakerFixedUpdate

AddEventHandlerComponent: PlayMakerFixedUpdate

AddEventHandlerComponent: PlayMakerFixedUpdate

AddEventHandlerComponent: PlayMakerFixedUpdate

AddEventHandlerComponent: PlayMakerFixedUpdate

AddEventHandlerComponent: PlayMakerFixedUpdate

AddEventHandlerComponent: PlayMakerFixedUpdate

AddEventHandlerComponent: PlayMakerFixedUpdate

AddEventHandlerComponent: PlayMakerFixedUpdate

AddEventHandlerComponent: PlayMakerFixedUpdate

AddEventHandlerComponent: PlayMakerFixedUpdate

AddEventHandlerComponent: PlayMakerFixedUpdate

AddEventHandlerComponent: PlayMakerFixedUpdate

AddEventHandlerComponent: PlayMakerFixedUpdate

AddEventHandlerComponent: PlayMakerFixedUpdate

AddEventHandlerComponent: PlayMakerFixedUpdate

AddEventHandlerComponent: PlayMakerFixedUpdate

AddEventHandlerComponent: PlayMakerFixedUpdate

AddEventHandlerComponent: PlayMakerFixedUpdate

AddEventHandlerComponent: PlayMakerFixedUpdate

AddEventHandlerComponent: PlayMakerFixedUpdate

AddEventHandlerComponent: PlayMakerFixedUpdate

AddEventHandlerComponent: PlayMakerFixedUpdate

AddEventHandlerComponent: PlayMakerFixedUpdate

AddEventHandlerComponent: PlayMakerFixedUpdate

AddEventHandlerComponent: PlayMakerFixedUpdate

AddEventHandlerComponent: PlayMakerFixedUpdate

AddEventHandlerComponent: PlayMakerFixedUpdate

AddEventHandlerComponent: PlayMakerFixedUpdate

AddEventHandlerComponent: PlayMakerFixedUpdate

AddEventHandlerComponent: PlayMakerFixedUpdate

AddEventHandlerComponent: PlayMakerFixedUpdate

AddEventHandlerComponent: PlayMakerFixedUpdate

AddEventHandlerComponent: PlayMakerFixedUpdate

PlayOneShot was called with a null AudioClip.

AddEventHandlerComponent: PlayMakerFixedUpdate

PlayOneShot was called with a null AudioClip.

AddEventHandlerComponent: PlayMakerFixedUpdate

PlayOneShot was called with a null AudioClip.

AddEventHandlerComponent: PlayMakerFixedUpdate

PlayOneShot was called with a null AudioClip.

PlayOneShot was called with a null AudioClip.

AddEventHandlerComponent: PlayMakerFixedUpdate

PlayOneShot was called with a null AudioClip.

AddEventHandlerComponent: PlayMakerFixedUpdate

PlayOneShot was called with a null AudioClip.

AddEventHandlerComponent: PlayMakerFixedUpdate

PlayOneShot was called with a null AudioClip.

PlayOneShot was called with a null AudioClip.

AddEventHandlerComponent: PlayMakerFixedUpdate

PlayOneShot was called with a null AudioClip.

PlayOneShot was called with a null AudioClip.

PlayOneShot was called with a null AudioClip.

PlayOneShot was called with a null AudioClip.

PlayOneShot was called with a null AudioClip.

PlayOneShot was called with a null AudioClip.

PlayOneShot was called with a null AudioClip.

PlayOneShot was called with a null AudioClip.

PlayOneShot was called with a null AudioClip.

PlayOneShot was called with a null AudioClip.

PlayOneShot was called with a null AudioClip.

PlayOneShot was called with a null AudioClip.

PlayOneShot was called with a null AudioClip.

PlayOneShot was called with a null AudioClip.

PlayOneShot was called with a null AudioClip.

PlayOneShot was called with a null AudioClip.

PlayOneShot was called with a null AudioClip.

PlayOneShot was called with a null AudioClip.

PlayOneShot was called with a null AudioClip.

Couldn't find current scene object!

Object Pool attached to GlobalPool has run out of Audio Player NoDestroy prefabs, Instantiating an additional one.

AddEventHandlerComponent: PlayMakerCollisionEnter2D

AddEventHandlerComponent: PlayMakerFixedUpdate

AddEventHandlerComponent: PlayMakerFixedUpdate

AddEventHandlerComponent: PlayMakerFixedUpdate

Deferring level start (marked as manual).

Unloading 48 Unused Serialized files (Serialized files now loaded: 0)
AddEventHandlerComponent: PlayMakerFixedUpdate


Unloading 1103 unused Assets to reduce memory usage. Loaded Objects now: 61773.
Total: 488.805800 ms (FindLiveObjects: 14.932900 ms CreateObjectMapping: 2.852300 ms MarkObjects: 466.344600 ms  DeleteObjects: 4.673500 ms)

PlayOneShot was called with a null AudioClip.

AddEventHandlerComponent: PlayMakerFixedUpdate

AddEventHandlerComponent: PlayMakerFixedUpdate

AddEventHandlerComponent: PlayMakerFixedUpdate

AddEventHandlerComponent: PlayMakerFixedUpdate

AddEventHandlerComponent: PlayMakerFixedUpdate

AddEventHandlerComponent: PlayMakerFixedUpdate

AddEventHandlerComponent: PlayMakerFixedUpdate

AddEventHandlerComponent: PlayMakerFixedUpdate

AddEventHandlerComponent: PlayMakerFixedUpdate

AddEventHandlerComponent: PlayMakerFixedUpdate

AddEventHandlerComponent: PlayMakerFixedUpdate

AddEventHandlerComponent: PlayMakerFixedUpdate

AddEventHandlerComponent: PlayMakerFixedUpdate

Deferring level start (marked as manual).

AddEventHandlerComponent: PlayMakerFixedUpdate

Could not find FSM: health_manager_enemy

Couldn't find current scene object!

Object Pool attached to GlobalPool has run out of Audio Player NoDestroy prefabs, Instantiating an additional one.

AddEventHandlerComponent: PlayMakerCollisionEnter2D

AddEventHandlerComponent: PlayMakerFixedUpdate

AddEventHandlerComponent: PlayMakerFixedUpdate

AddEventHandlerComponent: PlayMakerFixedUpdate

Deferring level start (marked as manual).

Unloading 36 Unused Serialized files (Serialized files now loaded: 0)
AddEventHandlerComponent: PlayMakerFixedUpdate


Unloading 329 unused Assets to reduce memory usage. Loaded Objects now: 61787.
Total: 504.649600 ms (FindLiveObjects: 16.242800 ms CreateObjectMapping: 2.638800 ms MarkObjects: 483.980800 ms  DeleteObjects: 1.785300 ms)

PlayOneShot was called with a null AudioClip.

AddEventHandlerComponent: PlayMakerFixedUpdate

AddEventHandlerComponent: PlayMakerFixedUpdate

AddEventHandlerComponent: PlayMakerFixedUpdate

AddEventHandlerComponent: PlayMakerFixedUpdate

AddEventHandlerComponent: PlayMakerFixedUpdate

AddEventHandlerComponent: PlayMakerFixedUpdate

AddEventHandlerComponent: PlayMakerFixedUpdate

AddEventHandlerComponent: PlayMakerFixedUpdate

AddEventHandlerComponent: PlayMakerFixedUpdate

AddEventHandlerComponent: PlayMakerFixedUpdate

AddEventHandlerComponent: PlayMakerFixedUpdate

AddEventHandlerComponent: PlayMakerFixedUpdate

AddEventHandlerComponent: PlayMakerFixedUpdate

AddEventHandlerComponent: PlayMakerFixedUpdate

Deferring level start (marked as manual).

AddEventHandlerComponent: PlayMakerFixedUpdate

Could not find FSM: health_manager_enemy

PlayOneShot was called with a null AudioClip.

PlayOneShot was called with a null AudioClip.

Deferring level start (marked as manual).

PlayOneShot was called with a null AudioClip.

AddEventHandlerComponent: PlayMakerFixedUpdate

AddEventHandlerComponent: PlayMakerFixedUpdate

PlayOneShot was called with a null AudioClip.

AddEventHandlerComponent: PlayMakerFixedUpdate

AddEventHandlerComponent: PlayMakerFixedUpdate

AddEventHandlerComponent: PlayMakerFixedUpdate

AddEventHandlerComponent: PlayMakerFixedUpdate

AddEventHandlerComponent: PlayMakerFixedUpdate

AddEventHandlerComponent: PlayMakerFixedUpdate

AddEventHandlerComponent: PlayMakerFixedUpdate

AddEventHandlerComponent: PlayMakerFixedUpdate

AddEventHandlerComponent: PlayMakerFixedUpdate

AddEventHandlerComponent: PlayMakerFixedUpdate

AddEventHandlerComponent: PlayMakerFixedUpdate

AddEventHandlerComponent: PlayMakerFixedUpdate

AddEventHandlerComponent: PlayMakerFixedUpdate

PlayOneShot was called with a null AudioClip.

AddEventHandlerComponent: PlayMakerFixedUpdate

PlayOneShot was called with a null AudioClip.

AddEventHandlerComponent: PlayMakerFixedUpdate

PlayOneShot was called with a null AudioClip.

PlayOneShot was called with a null AudioClip.

PlayOneShot was called with a null AudioClip.

AddEventHandlerComponent: PlayMakerFixedUpdate

PlayOneShot was called with a null AudioClip.

AddEventHandlerComponent: PlayMakerFixedUpdate

PlayOneShot was called with a null AudioClip.

AddEventHandlerComponent: PlayMakerFixedUpdate

PlayOneShot was called with a null AudioClip.

AddEventHandlerComponent: PlayMakerFixedUpdate

AddEventHandlerComponent: PlayMakerFixedUpdate

AddEventHandlerComponent: PlayMakerFixedUpdate

AddEventHandlerComponent: PlayMakerFixedUpdate

AddEventHandlerComponent: PlayMakerFixedUpdate

AddEventHandlerComponent: PlayMakerFixedUpdate

AddEventHandlerComponent: PlayMakerFixedUpdate

AddEventHandlerComponent: PlayMakerFixedUpdate

AddEventHandlerComponent: PlayMakerFixedUpdate

AddEventHandlerComponent: PlayMakerFixedUpdate

AddEventHandlerComponent: PlayMakerFixedUpdate

AddEventHandlerComponent: PlayMakerFixedUpdate

AddEventHandlerComponent: PlayMakerFixedUpdate

AddEventHandlerComponent: PlayMakerFixedUpdate

AddEventHandlerComponent: PlayMakerFixedUpdate

AddEventHandlerComponent: PlayMakerFixedUpdate

AddEventHandlerComponent: PlayMakerFixedUpdate

AddEventHandlerComponent: PlayMakerFixedUpdate

AddEventHandlerComponent: PlayMakerFixedUpdate

AddEventHandlerComponent: PlayMakerFixedUpdate

AddEventHandlerComponent: PlayMakerFixedUpdate

AddEventHandlerComponent: PlayMakerFixedUpdate

AddEventHandlerComponent: PlayMakerFixedUpdate

AddEventHandlerComponent: PlayMakerFixedUpdate

AddEventHandlerComponent: PlayMakerFixedUpdate

AddEventHandlerComponent: PlayMakerFixedUpdate

AddEventHandlerComponent: PlayMakerFixedUpdate

AddEventHandlerComponent: PlayMakerFixedUpdate

AddEventHandlerComponent: PlayMakerFixedUpdate

AddEventHandlerComponent: PlayMakerFixedUpdate

AddEventHandlerComponent: PlayMakerFixedUpdate

AddEventHandlerComponent: PlayMakerFixedUpdate

AddEventHandlerComponent: PlayMakerFixedUpdate

AddEventHandlerComponent: PlayMakerFixedUpdate

AddEventHandlerComponent: PlayMakerFixedUpdate

AddEventHandlerComponent: PlayMakerFixedUpdate

AddEventHandlerComponent: PlayMakerFixedUpdate

AddEventHandlerComponent: PlayMakerFixedUpdate

AddEventHandlerComponent: PlayMakerFixedUpdate

AddEventHandlerComponent: PlayMakerFixedUpdate

AddEventHandlerComponent: PlayMakerFixedUpdate

AddEventHandlerComponent: PlayMakerFixedUpdate

AddEventHandlerComponent: PlayMakerFixedUpdate

AddEventHandlerComponent: PlayMakerFixedUpdate

AddEventHandlerComponent: PlayMakerFixedUpdate

AddEventHandlerComponent: PlayMakerFixedUpdate

AddEventHandlerComponent: PlayMakerFixedUpdate

AddEventHandlerComponent: PlayMakerFixedUpdate

AddEventHandlerComponent: PlayMakerFixedUpdate

AddEventHandlerComponent: PlayMakerFixedUpdate

AddEventHandlerComponent: PlayMakerFixedUpdate

AddEventHandlerComponent: PlayMakerFixedUpdate

AddEventHandlerComponent: PlayMakerFixedUpdate

AddEventHandlerComponent: PlayMakerFixedUpdate

AddEventHandlerComponent: PlayMakerFixedUpdate

AddEventHandlerComponent: PlayMakerFixedUpdate

AddEventHandlerComponent: PlayMakerFixedUpdate

AddEventHandlerComponent: PlayMakerFixedUpdate

PlayOneShot was called with a null AudioClip.

AddEventHandlerComponent: PlayMakerFixedUpdate

PlayOneShot was called with a null AudioClip.

AddEventHandlerComponent: PlayMakerFixedUpdate

PlayOneShot was called with a null AudioClip.

AddEventHandlerComponent: PlayMakerFixedUpdate

PlayOneShot was called with a null AudioClip.

AddEventHandlerComponent: PlayMakerFixedUpdate

AddEventHandlerComponent: PlayMakerFixedUpdate

AddEventHandlerComponent: PlayMakerFixedUpdate

AddEventHandlerComponent: PlayMakerFixedUpdate

AddEventHandlerComponent: PlayMakerFixedUpdate

AddEventHandlerComponent: PlayMakerFixedUpdate

AddEventHandlerComponent: PlayMakerFixedUpdate

AddEventHandlerComponent: PlayMakerFixedUpdate

AddEventHandlerComponent: PlayMakerFixedUpdate

AddEventHandlerComponent: PlayMakerFixedUpdate

AddEventHandlerComponent: PlayMakerFixedUpdate

AddEventHandlerComponent: PlayMakerFixedUpdate

AddEventHandlerComponent: PlayMakerFixedUpdate

AddEventHandlerComponent: PlayMakerFixedUpdate

AddEventHandlerComponent: PlayMakerFixedUpdate

AddEventHandlerComponent: PlayMakerFixedUpdate

AddEventHandlerComponent: PlayMakerFixedUpdate

AddEventHandlerComponent: PlayMakerFixedUpdate

AddEventHandlerComponent: PlayMakerFixedUpdate

AddEventHandlerComponent: PlayMakerFixedUpdate

AddEventHandlerComponent: PlayMakerFixedUpdate

AddEventHandlerComponent: PlayMakerFixedUpdate

AddEventHandlerComponent: PlayMakerFixedUpdate

AddEventHandlerComponent: PlayMakerFixedUpdate

AddEventHandlerComponent: PlayMakerFixedUpdate

AddEventHandlerComponent: PlayMakerFixedUpdate

AddEventHandlerComponent: PlayMakerFixedUpdate

AddEventHandlerComponent: PlayMakerFixedUpdate

AddEventHandlerComponent: PlayMakerFixedUpdate

AddEventHandlerComponent: PlayMakerFixedUpdate

AddEventHandlerComponent: PlayMakerFixedUpdate

AddEventHandlerComponent: PlayMakerFixedUpdate

AddEventHandlerComponent: PlayMakerFixedUpdate

AddEventHandlerComponent: PlayMakerFixedUpdate

AddEventHandlerComponent: PlayMakerFixedUpdate

AddEventHandlerComponent: PlayMakerFixedUpdate

AddEventHandlerComponent: PlayMakerFixedUpdate

Couldn't find current scene object!

Object Pool attached to GlobalPool has run out of Audio Player NoDestroy prefabs, Instantiating an additional one.

AddEventHandlerComponent: PlayMakerCollisionEnter2D

AddEventHandlerComponent: PlayMakerFixedUpdate

AddEventHandlerComponent: PlayMakerFixedUpdate

AddEventHandlerComponent: PlayMakerFixedUpdate

Deferring level start (marked as manual).

Unloading 48 Unused Serialized files (Serialized files now loaded: 0)
AddEventHandlerComponent: PlayMakerFixedUpdate


Unloading 1106 unused Assets to reduce memory usage. Loaded Objects now: 61955.
Total: 310.836700 ms (FindLiveObjects: 14.794600 ms CreateObjectMapping: 2.327000 ms MarkObjects: 290.558000 ms  DeleteObjects: 3.155800 ms)

PlayOneShot was called with a null AudioClip.

AddEventHandlerComponent: PlayMakerFixedUpdate

AddEventHandlerComponent: PlayMakerFixedUpdate

AddEventHandlerComponent: PlayMakerFixedUpdate

AddEventHandlerComponent: PlayMakerFixedUpdate

AddEventHandlerComponent: PlayMakerFixedUpdate

AddEventHandlerComponent: PlayMakerFixedUpdate

AddEventHandlerComponent: PlayMakerFixedUpdate

AddEventHandlerComponent: PlayMakerFixedUpdate

AddEventHandlerComponent: PlayMakerFixedUpdate

AddEventHandlerComponent: PlayMakerFixedUpdate

AddEventHandlerComponent: PlayMakerFixedUpdate

AddEventHandlerComponent: PlayMakerFixedUpdate

Deferring level start (marked as manual).

AddEventHandlerComponent: PlayMakerFixedUpdate

Could not find FSM: health_manager_enemy

PlayOneShot was called with a null AudioClip.

PlayOneShot was called with a null AudioClip.

PlayOneShot was called with a null AudioClip.

Deferring level start (marked as manual).

PlayOneShot was called with a null AudioClip.

AddEventHandlerComponent: PlayMakerFixedUpdate

AddEventHandlerComponent: PlayMakerFixedUpdate

PlayOneShot was called with a null AudioClip.

PlayOneShot was called with a null AudioClip.

AddEventHandlerComponent: PlayMakerFixedUpdate

AddEventHandlerComponent: PlayMakerFixedUpdate

AddEventHandlerComponent: PlayMakerFixedUpdate

AddEventHandlerComponent: PlayMakerFixedUpdate

AddEventHandlerComponent: PlayMakerFixedUpdate

AddEventHandlerComponent: PlayMakerFixedUpdate

AddEventHandlerComponent: PlayMakerFixedUpdate

AddEventHandlerComponent: PlayMakerFixedUpdate

AddEventHandlerComponent: PlayMakerFixedUpdate

AddEventHandlerComponent: PlayMakerFixedUpdate

AddEventHandlerComponent: PlayMakerFixedUpdate

AddEventHandlerComponent: PlayMakerFixedUpdate

AddEventHandlerComponent: PlayMakerFixedUpdate

AddEventHandlerComponent: PlayMakerFixedUpdate

AddEventHandlerComponent: PlayMakerFixedUpdate

AddEventHandlerComponent: PlayMakerFixedUpdate

AddEventHandlerComponent: PlayMakerFixedUpdate

AddEventHandlerComponent: PlayMakerFixedUpdate

AddEventHandlerComponent: PlayMakerFixedUpdate

AddEventHandlerComponent: PlayMakerFixedUpdate

AddEventHandlerComponent: PlayMakerFixedUpdate

AddEventHandlerComponent: PlayMakerFixedUpdate

AddEventHandlerComponent: PlayMakerFixedUpdate

AddEventHandlerComponent: PlayMakerFixedUpdate

AddEventHandlerComponent: PlayMakerFixedUpdate

AddEventHandlerComponent: PlayMakerFixedUpdate

AddEventHandlerComponent: PlayMakerFixedUpdate

AddEventHandlerComponent: PlayMakerFixedUpdate

AddEventHandlerComponent: PlayMakerFixedUpdate

AddEventHandlerComponent: PlayMakerFixedUpdate

AddEventHandlerComponent: PlayMakerFixedUpdate

AddEventHandlerComponent: PlayMakerFixedUpdate

AddEventHandlerComponent: PlayMakerFixedUpdate

AddEventHandlerComponent: PlayMakerFixedUpdate

AddEventHandlerComponent: PlayMakerFixedUpdate

AddEventHandlerComponent: PlayMakerFixedUpdate

AddEventHandlerComponent: PlayMakerFixedUpdate

AddEventHandlerComponent: PlayMakerFixedUpdate

AddEventHandlerComponent: PlayMakerFixedUpdate

AddEventHandlerComponent: PlayMakerFixedUpdate

AddEventHandlerComponent: PlayMakerFixedUpdate

AddEventHandlerComponent: PlayMakerFixedUpdate

AddEventHandlerComponent: PlayMakerFixedUpdate

AddEventHandlerComponent: PlayMakerFixedUpdate

AddEventHandlerComponent: PlayMakerFixedUpdate

AddEventHandlerComponent: PlayMakerFixedUpdate

AddEventHandlerComponent: PlayMakerFixedUpdate

AddEventHandlerComponent: PlayMakerFixedUpdate

AddEventHandlerComponent: PlayMakerFixedUpdate

AddEventHandlerComponent: PlayMakerFixedUpdate

AddEventHandlerComponent: PlayMakerFixedUpdate

AddEventHandlerComponent: PlayMakerFixedUpdate

AddEventHandlerComponent: PlayMakerFixedUpdate

AddEventHandlerComponent: PlayMakerFixedUpdate

AddEventHandlerComponent: PlayMakerFixedUpdate

AddEventHandlerComponent: PlayMakerFixedUpdate

AddEventHandlerComponent: PlayMakerFixedUpdate

AddEventHandlerComponent: PlayMakerFixedUpdate

AddEventHandlerComponent: PlayMakerFixedUpdate

AddEventHandlerComponent: PlayMakerFixedUpdate

AddEventHandlerComponent: PlayMakerFixedUpdate

AddEventHandlerComponent: PlayMakerFixedUpdate

AddEventHandlerComponent: PlayMakerFixedUpdate

AddEventHandlerComponent: PlayMakerFixedUpdate

PlayOneShot was called with a null AudioClip.

AddEventHandlerComponent: PlayMakerFixedUpdate

AddEventHandlerComponent: PlayMakerFixedUpdate

AddEventHandlerComponent: PlayMakerFixedUpdate

AddEventHandlerComponent: PlayMakerFixedUpdate

AddEventHandlerComponent: PlayMakerFixedUpdate

AddEventHandlerComponent: PlayMakerFixedUpdate

PlayOneShot was called with a null AudioClip.

PlayOneShot was called with a null AudioClip.

AddEventHandlerComponent: PlayMakerFixedUpdate

PlayOneShot was called with a null AudioClip.

AddEventHandlerComponent: PlayMakerFixedUpdate

PlayOneShot was called with a null AudioClip.

AddEventHandlerComponent: PlayMakerFixedUpdate

PlayOneShot was called with a null AudioClip.

AddEventHandlerComponent: PlayMakerFixedUpdate

PlayOneShot was called with a null AudioClip.

AddEventHandlerComponent: PlayMakerFixedUpdate

PlayOneShot was called with a null AudioClip.

AddEventHandlerComponent: PlayMakerFixedUpdate

PlayOneShot was called with a null AudioClip.

PlayOneShot was called with a null AudioClip.

AddEventHandlerComponent: PlayMakerFixedUpdate

PlayOneShot was called with a null AudioClip.

AddEventHandlerComponent: PlayMakerFixedUpdate

PlayOneShot was called with a null AudioClip.

AddEventHandlerComponent: PlayMakerFixedUpdate

PlayOneShot was called with a null AudioClip.

PlayOneShot was called with a null AudioClip.

AddEventHandlerComponent: PlayMakerFixedUpdate

PlayOneShot was called with a null AudioClip.

PlayOneShot was called with a null AudioClip.

PlayOneShot was called with a null AudioClip.

PlayOneShot was called with a null AudioClip.

PlayOneShot was called with a null AudioClip.

PlayOneShot was called with a null AudioClip.

PlayOneShot was called with a null AudioClip.

PlayOneShot was called with a null AudioClip.

PlayOneShot was called with a null AudioClip.

PlayOneShot was called with a null AudioClip.

PlayOneShot was called with a null AudioClip.

PlayOneShot was called with a null AudioClip.

PlayOneShot was called with a null AudioClip.

PlayOneShot was called with a null AudioClip.

PlayOneShot was called with a null AudioClip.

PlayOneShot was called with a null AudioClip.

PlayOneShot was called with a null AudioClip.

PlayOneShot was called with a null AudioClip.

PlayOneShot was called with a null AudioClip.

PlayOneShot was called with a null AudioClip.

PlayOneShot was called with a null AudioClip.

PlayOneShot was called with a null AudioClip.

PlayOneShot was called with a null AudioClip.

PlayOneShot was called with a null AudioClip.

PlayOneShot was called with a null AudioClip.

PlayOneShot was called with a null AudioClip.

PlayOneShot was called with a null AudioClip.

Couldn't find current scene object!

Object Pool attached to GlobalPool has run out of Audio Player NoDestroy prefabs, Instantiating an additional one.

AddEventHandlerComponent: PlayMakerCollisionEnter2D

AddEventHandlerComponent: PlayMakerFixedUpdate

PlayOneShot was called with a null AudioClip.

Object Pool attached to GlobalPool has run out of Radiant Beam R prefabs, Instantiating an additional one.

AddEventHandlerComponent: PlayMakerFixedUpdate

AddEventHandlerComponent: PlayMakerFixedUpdate

Deferring level start (marked as manual).

Unloading 48 Unused Serialized files (Serialized files now loaded: 0)
AddEventHandlerComponent: PlayMakerFixedUpdate


Unloading 1106 unused Assets to reduce memory usage. Loaded Objects now: 62111.
Total: 323.136400 ms (FindLiveObjects: 11.443600 ms CreateObjectMapping: 5.912000 ms MarkObjects: 302.473700 ms  DeleteObjects: 3.305700 ms)

PlayOneShot was called with a null AudioClip.

AddEventHandlerComponent: PlayMakerFixedUpdate

AddEventHandlerComponent: PlayMakerFixedUpdate

AddEventHandlerComponent: PlayMakerFixedUpdate

AddEventHandlerComponent: PlayMakerFixedUpdate

AddEventHandlerComponent: PlayMakerFixedUpdate

AddEventHandlerComponent: PlayMakerFixedUpdate

AddEventHandlerComponent: PlayMakerFixedUpdate

AddEventHandlerComponent: PlayMakerFixedUpdate

AddEventHandlerComponent: PlayMakerFixedUpdate

AddEventHandlerComponent: PlayMakerFixedUpdate

AddEventHandlerComponent: PlayMakerFixedUpdate

AddEventHandlerComponent: PlayMakerFixedUpdate

Deferring level start (marked as manual).

AddEventHandlerComponent: PlayMakerFixedUpdate

Could not find FSM: health_manager_enemy

Object Pool attached to GlobalPool has run out of Nail Clash Effect prefabs, Instantiating an additional one.

PlayOneShot was called with a null AudioClip.

Couldn't find current scene object!

Object Pool attached to GlobalPool has run out of Audio Player NoDestroy prefabs, Instantiating an additional one.

AddEventHandlerComponent: PlayMakerCollisionEnter2D

AddEventHandlerComponent: PlayMakerFixedUpdate

AddEventHandlerComponent: PlayMakerFixedUpdate

AddEventHandlerComponent: PlayMakerFixedUpdate

Deferring level start (marked as manual).

Unloading 36 Unused Serialized files (Serialized files now loaded: 0)
AddEventHandlerComponent: PlayMakerFixedUpdate


Unloading 327 unused Assets to reduce memory usage. Loaded Objects now: 62161.
Total: 347.538500 ms (FindLiveObjects: 15.630900 ms CreateObjectMapping: 2.191900 ms MarkObjects: 328.460800 ms  DeleteObjects: 1.253500 ms)

PlayOneShot was called with a null AudioClip.

AddEventHandlerComponent: PlayMakerFixedUpdate

AddEventHandlerComponent: PlayMakerFixedUpdate

AddEventHandlerComponent: PlayMakerFixedUpdate

AddEventHandlerComponent: PlayMakerFixedUpdate

AddEventHandlerComponent: PlayMakerFixedUpdate

AddEventHandlerComponent: PlayMakerFixedUpdate

AddEventHandlerComponent: PlayMakerFixedUpdate

AddEventHandlerComponent: PlayMakerFixedUpdate

AddEventHandlerComponent: PlayMakerFixedUpdate

AddEventHandlerComponent: PlayMakerFixedUpdate

AddEventHandlerComponent: PlayMakerFixedUpdate

AddEventHandlerComponent: PlayMakerFixedUpdate

AddEventHandlerComponent: PlayMakerFixedUpdate

AddEventHandlerComponent: PlayMakerFixedUpdate

AddEventHandlerComponent: PlayMakerFixedUpdate

AddEventHandlerComponent: PlayMakerFixedUpdate

AddEventHandlerComponent: PlayMakerFixedUpdate

AddEventHandlerComponent: PlayMakerFixedUpdate

AddEventHandlerComponent: PlayMakerFixedUpdate

Deferring level start (marked as manual).

AddEventHandlerComponent: PlayMakerFixedUpdate

Could not find FSM: health_manager_enemy

PlayOneShot was called with a null AudioClip.

PlayOneShot was called with a null AudioClip.

PlayOneShot was called with a null AudioClip.

Deferring level start (marked as manual).

PlayOneShot was called with a null AudioClip.

AddEventHandlerComponent: PlayMakerFixedUpdate

AddEventHandlerComponent: PlayMakerFixedUpdate

AddEventHandlerComponent: PlayMakerFixedUpdate

AddEventHandlerComponent: PlayMakerFixedUpdate

AddEventHandlerComponent: PlayMakerFixedUpdate

AddEventHandlerComponent: PlayMakerFixedUpdate

AddEventHandlerComponent: PlayMakerFixedUpdate

AddEventHandlerComponent: PlayMakerFixedUpdate

AddEventHandlerComponent: PlayMakerFixedUpdate

AddEventHandlerComponent: PlayMakerFixedUpdate

AddEventHandlerComponent: PlayMakerFixedUpdate

AddEventHandlerComponent: PlayMakerFixedUpdate

AddEventHandlerComponent: PlayMakerFixedUpdate

AddEventHandlerComponent: PlayMakerFixedUpdate

AddEventHandlerComponent: PlayMakerFixedUpdate

AddEventHandlerComponent: PlayMakerFixedUpdate

AddEventHandlerComponent: PlayMakerFixedUpdate

AddEventHandlerComponent: PlayMakerFixedUpdate

AddEventHandlerComponent: PlayMakerFixedUpdate

AddEventHandlerComponent: PlayMakerFixedUpdate

AddEventHandlerComponent: PlayMakerFixedUpdate

AddEventHandlerComponent: PlayMakerFixedUpdate

AddEventHandlerComponent: PlayMakerFixedUpdate

AddEventHandlerComponent: PlayMakerFixedUpdate

AddEventHandlerComponent: PlayMakerFixedUpdate

AddEventHandlerComponent: PlayMakerFixedUpdate

AddEventHandlerComponent: PlayMakerFixedUpdate

AddEventHandlerComponent: PlayMakerFixedUpdate

AddEventHandlerComponent: PlayMakerFixedUpdate

AddEventHandlerComponent: PlayMakerFixedUpdate

AddEventHandlerComponent: PlayMakerFixedUpdate

AddEventHandlerComponent: PlayMakerFixedUpdate

AddEventHandlerComponent: PlayMakerFixedUpdate

AddEventHandlerComponent: PlayMakerFixedUpdate

AddEventHandlerComponent: PlayMakerFixedUpdate

AddEventHandlerComponent: PlayMakerFixedUpdate

AddEventHandlerComponent: PlayMakerFixedUpdate

AddEventHandlerComponent: PlayMakerFixedUpdate

AddEventHandlerComponent: PlayMakerFixedUpdate

AddEventHandlerComponent: PlayMakerFixedUpdate

AddEventHandlerComponent: PlayMakerFixedUpdate

AddEventHandlerComponent: PlayMakerFixedUpdate

AddEventHandlerComponent: PlayMakerFixedUpdate

AddEventHandlerComponent: PlayMakerFixedUpdate

AddEventHandlerComponent: PlayMakerFixedUpdate

AddEventHandlerComponent: PlayMakerFixedUpdate

AddEventHandlerComponent: PlayMakerFixedUpdate

AddEventHandlerComponent: PlayMakerFixedUpdate

AddEventHandlerComponent: PlayMakerFixedUpdate

AddEventHandlerComponent: PlayMakerFixedUpdate

AddEventHandlerComponent: PlayMakerFixedUpdate

AddEventHandlerComponent: PlayMakerFixedUpdate

AddEventHandlerComponent: PlayMakerFixedUpdate

AddEventHandlerComponent: PlayMakerFixedUpdate

AddEventHandlerComponent: PlayMakerFixedUpdate

AddEventHandlerComponent: PlayMakerFixedUpdate

AddEventHandlerComponent: PlayMakerFixedUpdate

AddEventHandlerComponent: PlayMakerFixedUpdate

AddEventHandlerComponent: PlayMakerFixedUpdate

AddEventHandlerComponent: PlayMakerFixedUpdate

AddEventHandlerComponent: PlayMakerFixedUpdate

AddEventHandlerComponent: PlayMakerFixedUpdate

AddEventHandlerComponent: PlayMakerFixedUpdate

AddEventHandlerComponent: PlayMakerFixedUpdate

AddEventHandlerComponent: PlayMakerFixedUpdate

AddEventHandlerComponent: PlayMakerFixedUpdate

AddEventHandlerComponent: PlayMakerFixedUpdate

AddEventHandlerComponent: PlayMakerFixedUpdate

AddEventHandlerComponent: PlayMakerFixedUpdate

AddEventHandlerComponent: PlayMakerFixedUpdate

AddEventHandlerComponent: PlayMakerFixedUpdate

AddEventHandlerComponent: PlayMakerFixedUpdate

Couldn't find current scene object!

Object Pool attached to GlobalPool has run out of Audio Player NoDestroy prefabs, Instantiating an additional one.

AddEventHandlerComponent: PlayMakerCollisionEnter2D

AddEventHandlerComponent: PlayMakerFixedUpdate

AddEventHandlerComponent: PlayMakerFixedUpdate

AddEventHandlerComponent: PlayMakerFixedUpdate

Deferring level start (marked as manual).

Unloading 48 Unused Serialized files (Serialized files now loaded: 0)
AddEventHandlerComponent: PlayMakerFixedUpdate


Unloading 1084 unused Assets to reduce memory usage. Loaded Objects now: 62309.
Total: 284.395800 ms (FindLiveObjects: 15.157000 ms CreateObjectMapping: 2.422700 ms MarkObjects: 263.906000 ms  DeleteObjects: 2.907600 ms)

PlayOneShot was called with a null AudioClip.

AddEventHandlerComponent: PlayMakerFixedUpdate

AddEventHandlerComponent: PlayMakerFixedUpdate

AddEventHandlerComponent: PlayMakerFixedUpdate

AddEventHandlerComponent: PlayMakerFixedUpdate

AddEventHandlerComponent: PlayMakerFixedUpdate

AddEventHandlerComponent: PlayMakerFixedUpdate

AddEventHandlerComponent: PlayMakerFixedUpdate

AddEventHandlerComponent: PlayMakerFixedUpdate

AddEventHandlerComponent: PlayMakerFixedUpdate

AddEventHandlerComponent: PlayMakerFixedUpdate

AddEventHandlerComponent: PlayMakerFixedUpdate

AddEventHandlerComponent: PlayMakerFixedUpdate

Deferring level start (marked as manual).

AddEventHandlerComponent: PlayMakerFixedUpdate

Could not find FSM: health_manager_enemy

PlayOneShot was called with a null AudioClip.

PlayOneShot was called with a null AudioClip.

Deferring level start (marked as manual).

PlayOneShot was called with a null AudioClip.

AddEventHandlerComponent: PlayMakerFixedUpdate

AddEventHandlerComponent: PlayMakerFixedUpdate

AddEventHandlerComponent: PlayMakerFixedUpdate

PlayOneShot was called with a null AudioClip.

AddEventHandlerComponent: PlayMakerFixedUpdate

PlayOneShot was called with a null AudioClip.

AddEventHandlerComponent: PlayMakerFixedUpdate

PlayOneShot was called with a null AudioClip.

AddEventHandlerComponent: PlayMakerFixedUpdate

AddEventHandlerComponent: PlayMakerFixedUpdate

AddEventHandlerComponent: PlayMakerFixedUpdate

AddEventHandlerComponent: PlayMakerFixedUpdate

AddEventHandlerComponent: PlayMakerFixedUpdate

AddEventHandlerComponent: PlayMakerFixedUpdate

AddEventHandlerComponent: PlayMakerFixedUpdate

AddEventHandlerComponent: PlayMakerFixedUpdate

AddEventHandlerComponent: PlayMakerFixedUpdate

AddEventHandlerComponent: PlayMakerFixedUpdate

AddEventHandlerComponent: PlayMakerFixedUpdate

AddEventHandlerComponent: PlayMakerFixedUpdate

AddEventHandlerComponent: PlayMakerFixedUpdate

AddEventHandlerComponent: PlayMakerFixedUpdate

AddEventHandlerComponent: PlayMakerFixedUpdate

AddEventHandlerComponent: PlayMakerFixedUpdate

AddEventHandlerComponent: PlayMakerFixedUpdate

AddEventHandlerComponent: PlayMakerFixedUpdate

AddEventHandlerComponent: PlayMakerFixedUpdate

AddEventHandlerComponent: PlayMakerFixedUpdate

AddEventHandlerComponent: PlayMakerFixedUpdate

AddEventHandlerComponent: PlayMakerFixedUpdate

AddEventHandlerComponent: PlayMakerFixedUpdate

AddEventHandlerComponent: PlayMakerFixedUpdate

AddEventHandlerComponent: PlayMakerFixedUpdate

AddEventHandlerComponent: PlayMakerFixedUpdate

AddEventHandlerComponent: PlayMakerFixedUpdate

AddEventHandlerComponent: PlayMakerFixedUpdate

AddEventHandlerComponent: PlayMakerFixedUpdate

AddEventHandlerComponent: PlayMakerFixedUpdate

AddEventHandlerComponent: PlayMakerFixedUpdate

AddEventHandlerComponent: PlayMakerFixedUpdate

AddEventHandlerComponent: PlayMakerFixedUpdate

AddEventHandlerComponent: PlayMakerFixedUpdate

AddEventHandlerComponent: PlayMakerFixedUpdate

AddEventHandlerComponent: PlayMakerFixedUpdate

AddEventHandlerComponent: PlayMakerFixedUpdate

AddEventHandlerComponent: PlayMakerFixedUpdate

AddEventHandlerComponent: PlayMakerFixedUpdate

AddEventHandlerComponent: PlayMakerFixedUpdate

AddEventHandlerComponent: PlayMakerFixedUpdate

AddEventHandlerComponent: PlayMakerFixedUpdate

AddEventHandlerComponent: PlayMakerFixedUpdate

AddEventHandlerComponent: PlayMakerFixedUpdate

AddEventHandlerComponent: PlayMakerFixedUpdate

AddEventHandlerComponent: PlayMakerFixedUpdate

AddEventHandlerComponent: PlayMakerFixedUpdate

AddEventHandlerComponent: PlayMakerFixedUpdate

AddEventHandlerComponent: PlayMakerFixedUpdate

AddEventHandlerComponent: PlayMakerFixedUpdate

AddEventHandlerComponent: PlayMakerFixedUpdate

AddEventHandlerComponent: PlayMakerFixedUpdate

AddEventHandlerComponent: PlayMakerFixedUpdate

AddEventHandlerComponent: PlayMakerFixedUpdate

AddEventHandlerComponent: PlayMakerFixedUpdate

AddEventHandlerComponent: PlayMakerFixedUpdate

AddEventHandlerComponent: PlayMakerFixedUpdate

AddEventHandlerComponent: PlayMakerFixedUpdate

AddEventHandlerComponent: PlayMakerFixedUpdate

AddEventHandlerComponent: PlayMakerFixedUpdate

AddEventHandlerComponent: PlayMakerFixedUpdate

AddEventHandlerComponent: PlayMakerFixedUpdate

AddEventHandlerComponent: PlayMakerFixedUpdate

AddEventHandlerComponent: PlayMakerFixedUpdate

PlayOneShot was called with a null AudioClip.

AddEventHandlerComponent: PlayMakerFixedUpdate

AddEventHandlerComponent: PlayMakerFixedUpdate

AddEventHandlerComponent: PlayMakerFixedUpdate

AddEventHandlerComponent: PlayMakerFixedUpdate

AddEventHandlerComponent: PlayMakerFixedUpdate

AddEventHandlerComponent: PlayMakerFixedUpdate

PlayOneShot was called with a null AudioClip.

AddEventHandlerComponent: PlayMakerFixedUpdate

PlayOneShot was called with a null AudioClip.

AddEventHandlerComponent: PlayMakerFixedUpdate

PlayOneShot was called with a null AudioClip.

AddEventHandlerComponent: PlayMakerFixedUpdate

PlayOneShot was called with a null AudioClip.

AddEventHandlerComponent: PlayMakerFixedUpdate

PlayOneShot was called with a null AudioClip.

AddEventHandlerComponent: PlayMakerFixedUpdate

PlayOneShot was called with a null AudioClip.

AddEventHandlerComponent: PlayMakerFixedUpdate

PlayOneShot was called with a null AudioClip.

PlayOneShot was called with a null AudioClip.

PlayOneShot was called with a null AudioClip.

AddEventHandlerComponent: PlayMakerFixedUpdate

PlayOneShot was called with a null AudioClip.

PlayOneShot was called with a null AudioClip.

PlayOneShot was called with a null AudioClip.

AddEventHandlerComponent: PlayMakerFixedUpdate

AddEventHandlerComponent: PlayMakerFixedUpdate

AddEventHandlerComponent: PlayMakerFixedUpdate

AddEventHandlerComponent: PlayMakerFixedUpdate

AddEventHandlerComponent: PlayMakerFixedUpdate

AddEventHandlerComponent: PlayMakerFixedUpdate

AddEventHandlerComponent: PlayMakerFixedUpdate

AddEventHandlerComponent: PlayMakerFixedUpdate

AddEventHandlerComponent: PlayMakerFixedUpdate

AddEventHandlerComponent: PlayMakerFixedUpdate

AddEventHandlerComponent: PlayMakerFixedUpdate

AddEventHandlerComponent: PlayMakerFixedUpdate

AddEventHandlerComponent: PlayMakerFixedUpdate

AddEventHandlerComponent: PlayMakerFixedUpdate

AddEventHandlerComponent: PlayMakerFixedUpdate

AddEventHandlerComponent: PlayMakerFixedUpdate

AddEventHandlerComponent: PlayMakerFixedUpdate

AddEventHandlerComponent: PlayMakerFixedUpdate

AddEventHandlerComponent: PlayMakerFixedUpdate

AddEventHandlerComponent: PlayMakerFixedUpdate

AddEventHandlerComponent: PlayMakerFixedUpdate

AddEventHandlerComponent: PlayMakerFixedUpdate

AddEventHandlerComponent: PlayMakerFixedUpdate

AddEventHandlerComponent: PlayMakerFixedUpdate

AddEventHandlerComponent: PlayMakerFixedUpdate

AddEventHandlerComponent: PlayMakerFixedUpdate

AddEventHandlerComponent: PlayMakerFixedUpdate

AddEventHandlerComponent: PlayMakerFixedUpdate

AddEventHandlerComponent: PlayMakerFixedUpdate

AddEventHandlerComponent: PlayMakerFixedUpdate

AddEventHandlerComponent: PlayMakerFixedUpdate

AddEventHandlerComponent: PlayMakerFixedUpdate

AddEventHandlerComponent: PlayMakerFixedUpdate

AddEventHandlerComponent: PlayMakerFixedUpdate

AddEventHandlerComponent: PlayMakerFixedUpdate

AddEventHandlerComponent: PlayMakerFixedUpdate

AddEventHandlerComponent: PlayMakerFixedUpdate

PlayOneShot was called with a null AudioClip.

Object Pool attached to GlobalPool has run out of Audio Player Actor 2D prefabs, Instantiating an additional one.

Object Pool attached to GlobalPool has run out of Audio Player Actor 2D prefabs, Instantiating an additional one.

PlayOneShot was called with a null AudioClip.

Unloading 49 Unused Serialized files (Serialized files now loaded: 0)
UnloadTime: 10.435800 ms
Performing automatic level start.


Unloading 1329 unused Assets to reduce memory usage. Loaded Objects now: 59766.
Total: 256.098200 ms (FindLiveObjects: 3.807900 ms CreateObjectMapping: 2.386800 ms MarkObjects: 245.911900 ms  DeleteObjects: 3.990600 ms)

Setting skip mode: NOT_SKIPPABLE

Unloading 8 Unused Serialized files (Serialized files now loaded: 0)
UnloadTime: 3.545500 ms
Performing automatic level start.


Unloading 9 unused Assets to reduce memory usage. Loaded Objects now: 60538.
Total: 301.217800 ms (FindLiveObjects: 3.420300 ms CreateObjectMapping: 2.139400 ms MarkObjects: 295.526700 ms  DeleteObjects: 0.130300 ms)

Setting skip mode: NOT_SKIPPABLE

Failed to retrieve achievement state for ENDING_C

Pushing achievement ENDING_C

Converting Vertex Colors from Color32 to Color.

Converting Vertex Colors from Color32 to Color.

Steam achievement ENDING_C (0/0) upload complete

Setting skip mode: SKIP_INSTANT

Unloading 9 Unused Serialized files (Serialized files now loaded: 0)
UnloadTime: 2.287900 ms
Performing automatic level start.


Unloading 14 unused Assets to reduce memory usage. Loaded Objects now: 59687.
Total: 271.269800 ms (FindLiveObjects: 3.591500 ms CreateObjectMapping: 2.196400 ms MarkObjects: 265.228200 ms  DeleteObjects: 0.252500 ms)

Setting skip mode: NOT_SKIPPABLE

PlayOneShot was called with a null AudioClip.

Setting skip mode: SKIP_INSTANT

Unloading 6 Unused Serialized files (Serialized files now loaded: 0)
UnloadTime: 1.956100 ms
Deferring level start (marked as manual).


Unloading 17 unused Assets to reduce memory usage. Loaded Objects now: 59605.
Total: 259.809700 ms (FindLiveObjects: 10.392500 ms CreateObjectMapping: 2.971500 ms MarkObjects: 246.243800 ms  DeleteObjects: 0.200400 ms)

Unloading 5 Unused Serialized files (Serialized files now loaded: 0)
UnloadTime: 1.535200 ms
DontDestroyOnLoad only works for root GameObjects or components on root GameObjects.

Performing automatic level start.

Failed to retrieve achievement state for STEELSOUL

Game controller set to None.

Controller Type: Unknown

Unable to match controller of name (None), will attempt default mapping set.

Active Gamepad Type: XBOX_360

Game controller set to None.

Failed to retrieve achievement state for BLESSED

Failed to retrieve achievement state for DREAM_SOUL_MASTER_DEFEAT

Failed to retrieve achievement state for MANTIS_LORDS

Failed to retrieve achievement state for NEGLECT

Failed to retrieve achievement state for ASCENSION

Failed to retrieve achievement state for METAMORPHOSIS

Failed to retrieve achievement state for NAILSMITH_SPARE

Failed to retrieve achievement state for QUIRREL_EPILOGUE

Failed to retrieve achievement state for COLOSSEUM_3

Failed to retrieve achievement state for SPEEDRUN_1

Failed to retrieve achievement state for SPEEDRUN_2

Failed to retrieve achievement state for COMPLETION

Failed to retrieve achievement state for SPEED_COMPLETION

Failed to retrieve achievement state for STEELSOUL

Failed to retrieve achievement state for STEELSOUL_COMPLETION

Failed to retrieve achievement state for HUNTER_1

Failed to retrieve achievement state for HUNTER_2

Failed to retrieve achievement state for MR_MUSHROOM

Failed to retrieve achievement state for GREY_PRINCE

Failed to retrieve achievement state for GRIMM

Failed to retrieve achievement state for NIGHTMARE_GRIMM

Failed to retrieve achievement state for BANISHMENT

Failed to retrieve achievement state for PANTHEON1

Failed to retrieve achievement state for PANTHEON2

Failed to retrieve achievement state for PANTHEON3

Failed to retrieve achievement state for PANTHEON4

Failed to retrieve achievement state for ENDINGD

Failed to retrieve achievement state for COMPLETIONGG

pd.maxHealth: 9 pd.maxHealthBase: 9


Unloading 583 unused Assets to reduce memory usage. Loaded Objects now: 50562.
Total: 255.144700 ms (FindLiveObjects: 6.597000 ms CreateObjectMapping: 4.164800 ms MarkObjects: 242.273900 ms  DeleteObjects: 2.107700 ms)

Making UI menu lean.

AddEventHandlerComponent: PlayMakerFixedUpdate

AddEventHandlerComponent: PlayMakerFixedUpdate

AddEventHandlerComponent: PlayMakerFixedUpdate

AddEventHandlerComponent: PlayMakerFixedUpdate

AddEventHandlerComponent: PlayMakerFixedUpdate

AddEventHandlerComponent: PlayMakerFixedUpdate

AddEventHandlerComponent: PlayMakerFixedUpdate

AddEventHandlerComponent: PlayMakerFixedUpdate

AddEventHandlerComponent: PlayMakerFixedUpdate

AddEventHandlerComponent: PlayMakerFixedUpdate

AddEventHandlerComponent: PlayMakerFixedUpdate

Deferring level start (marked as manual).

Unloading 15 Unused Serialized files (Serialized files now loaded: 0)

Unloading 180 unused Assets to reduce memory usage. Loaded Objects now: 53169.
Total: 311.525000 ms (FindLiveObjects: 14.358700 ms CreateObjectMapping: 3.332500 ms MarkObjects: 293.382100 ms  DeleteObjects: 0.450300 ms)

Couldn't find current scene object!

AddEventHandlerComponent: PlayMakerFixedUpdate

AddEventHandlerComponent: PlayMakerFixedUpdate

Deferring level start (marked as manual).

Unloading 10 Unused Serialized files (Serialized files now loaded: 0)
UnloadTime: 5.274300 ms
Deferring level start (marked as manual).


Unloading 411 unused Assets to reduce memory usage. Loaded Objects now: 58121.
Total: 265.724100 ms (FindLiveObjects: 14.600000 ms CreateObjectMapping: 2.423300 ms MarkObjects: 247.461400 ms  DeleteObjects: 1.236300 ms)

Unloading 5 Unused Serialized files (Serialized files now loaded: 0)
UnloadTime: 1.485500 ms
DontDestroyOnLoad only works for root GameObjects or components on root GameObjects.

Performing automatic level start.

Failed to retrieve achievement state for STEELSOUL

Game controller set to None.

Controller Type: Unknown

Unable to match controller of name (None), will attempt default mapping set.

Active Gamepad Type: XBOX_360

Game controller set to None.

Failed to retrieve achievement state for BLESSED

Failed to retrieve achievement state for DREAM_SOUL_MASTER_DEFEAT

Failed to retrieve achievement state for MANTIS_LORDS

Failed to retrieve achievement state for NEGLECT

Failed to retrieve achievement state for ASCENSION

Failed to retrieve achievement state for METAMORPHOSIS

Failed to retrieve achievement state for NAILSMITH_SPARE

Failed to retrieve achievement state for QUIRREL_EPILOGUE

Failed to retrieve achievement state for COLOSSEUM_3

Failed to retrieve achievement state for SPEEDRUN_1

Failed to retrieve achievement state for SPEEDRUN_2

Failed to retrieve achievement state for COMPLETION

Failed to retrieve achievement state for SPEED_COMPLETION

Failed to retrieve achievement state for STEELSOUL

Failed to retrieve achievement state for STEELSOUL_COMPLETION

Failed to retrieve achievement state for HUNTER_1

Failed to retrieve achievement state for HUNTER_2

Failed to retrieve achievement state for MR_MUSHROOM

Failed to retrieve achievement state for GREY_PRINCE

Failed to retrieve achievement state for GRIMM

Failed to retrieve achievement state for NIGHTMARE_GRIMM

Failed to retrieve achievement state for BANISHMENT

Failed to retrieve achievement state for PANTHEON1

Failed to retrieve achievement state for PANTHEON2

Failed to retrieve achievement state for PANTHEON3

Failed to retrieve achievement state for PANTHEON4

Failed to retrieve achievement state for ENDINGD

Failed to retrieve achievement state for COMPLETIONGG

pd.maxHealth: 9 pd.maxHealthBase: 9


Unloading 414 unused Assets to reduce memory usage. Loaded Objects now: 51557.
Total: 236.701000 ms (FindLiveObjects: 6.735300 ms CreateObjectMapping: 6.128500 ms MarkObjects: 221.901100 ms  DeleteObjects: 1.935000 ms)

Setting up 2 worker threads for Enlighten.
  Thread -> id: 244 -> priority: 1 
  Thread -> id: 248 -> priority: 1 
Shutting down Steam API.

Waiting on threads to park on joinable thread list timed out.
